image_path,label
/data_C2_2/1/C2_2-164301.jpg,1
/data_C2_2/1/C2_2-115301.jpg,1
/data_C2_2/1/C2_2-152301.jpg,1
/data_C2_2/1/C2_2-100300.jpg,1
/data_C2_2/1/C2_2-163701.jpg,1
/data_C2_2/1/C2_2-095401.jpg,1
/data_C2_2/1/C2_2-155201.jpg,1
/data_C2_2/1/C2_2-163501.jpg,1
/data_C2_2/1/C2_2-153602.jpg,1
/data_C2_2/1/C2_2-161801.jpg,1
/data_C2_2/1/C2_2-101801.jpg,1
/data_C2_2/1/C2_2-152001.jpg,1
/data_C2_2/1/C2_2-163002.jpg,1
/data_C2_2/1/C2_2-121301.jpg,1
/data_C2_2/1/C2_2-164602.jpg,1
/data_C2_2/1/C2_2-190400.jpg,1
/data_C2_2/1/C2_2-162501.jpg,1
/data_C2_2/1/C2_2-095900.jpg,1
/data_C2_2/1/C2_2-091900.jpg,1
/data_C2_2/1/C2_2-190500.jpg,1
/data_C2_2/1/C2_2-162901.jpg,1
/data_C2_2/1/C2_2-112501.jpg,1
/data_C2_2/1/C2_2-164101.jpg,1
/data_C2_2/1/C2_2-190300.jpg,1
/data_C2_2/1/C2_2-121401.jpg,1
/data_C2_2/1/C2_2-163902.jpg,1
/data_C2_2/1/C2_2-152101.jpg,1
/data_C2_2/1/C2_2-120001.jpg,1
/data_C2_2/1/C2_2-093400.jpg,1
/data_C2_2/1/C2_2-121202.jpg,1
/data_C2_2/1/C2_2-152402.jpg,1
/data_C2_2/1/C2_2-190000.jpg,1
/data_C2_2/1/C2_2-120602.jpg,1
/data_C2_2/1/C2_2-121102.jpg,1
/data_C2_2/1/C2_2-163201.jpg,1
/data_C2_2/1/C2_2-112202_600.jpg,1
/data_C2_2/1/C2_2-095200.jpg,1
/data_C2_2/1/C2_2-155401.jpg,1
/data_C2_2/1/C2_2-093300.jpg,1
/data_C2_2/1/C2_2-151902.jpg,1
/data_C2_2/1/C2_2-162401.jpg,1
/data_C2_2/1/C2_2-095500.jpg,1
/data_C2_2/1/C2_2-153501.jpg,1
/data_C2_2/1/C2_2-164801.jpg,1
/data_C2_2/1/C2_2-095700.jpg,1
/data_C2_2/1/C2_2-164701.jpg,1
/data_C2_2/1/C2_2-163801.jpg,1
/data_C2_2/1/C2_2-162201.jpg,1
/data_C2_2/1/C2_2-095601.jpg,1
/data_C2_2/1/C2_2-091700.jpg,1
/data_C2_2/1/C2_2-163601.jpg,1
/data_C2_2/1/C2_2-162701.jpg,1
/data_C2_2/1/C2_2-100700.jpg,1
/data_C2_2/1/C2_2-112401_400.jpg,1
/data_C2_2/1/C2_2-153901.jpg,1
/data_C2_2/1/C2_2-095300.jpg,1
/data_C2_2/1/C2_2-101601.jpg,1
/data_C2_2/1/C2_2-101401.jpg,1
/data_C2_2/1/C2_2-154301.jpg,1
/data_C2_2/1/C2_2-093600.jpg,1
/data_C2_2/1/C2_2-154401.jpg,1
/data_C2_2/1/C2_2-151802.jpg,1
/data_C2_2/1/C2_2-162602.jpg,1
/data_C2_2/1/C2_2-101300.jpg,1
/data_C2_2/1/C2_2-093700.jpg,1
/data_C2_2/1/C2_2-154601.jpg,1
/data_C2_2/1/C2_2-164501.jpg,1
/data_C2_2/1/C2_2-120701.jpg,1
/data_C2_2/1/C2_2-164001.jpg,1
/data_C2_2/1/C2_2-163301.jpg,1
/data_C2_2/1/C2_2-165202.jpg,1
/data_C2_2/1/C2_2-100801.jpg,1
/data_C2_2/1/C2_2-165001.jpg,1
/data_C2_2/1/C2_2-093800.jpg,1
/data_C2_2/1/C2_2-154002.jpg,1
/data_C2_2/1/C2_2-120101.jpg,1
/data_C2_2/1/C2_2-164902.jpg,1
/data_C2_2/1/C2_2-100401.jpg,1
/data_C2_2/1/C2_2-154501.jpg,1
/data_C2_2/1/C2_2-093201.jpg,1
/data_C2_2/1/C2_2-112601.jpg,1
/data_C2_2/1/C2_2-163101.jpg,1
/data_C2_2/1/C2_2-101701.jpg,1
/data_C2_2/1/C2_2-162801.jpg,1
/data_C2_2/1/C2_2-093501.jpg,1
/data_C2_2/4/C2_2-130701.jpg,4
/data_C2_2/4/C2_2-135201.jpg,4
/data_C2_2/4/C2_2-183302.jpg,4
/data_C2_2/4/C2_2-175310.jpg,4
/data_C2_2/4/C2_2-125301.jpg,4
/data_C2_2/4/C2_2-112401.jpg,4
/data_C2_2/4/C2_2-152301.jpg,4
/data_C2_2/4/C2_2-122001.jpg,4
/data_C2_2/4/C2_2-111001.jpg,4
/data_C2_2/4/C2_2-121601.jpg,4
/data_C2_2/4/C2_2-095100.jpg,4
/data_C2_2/4/C2_2-181302.jpg,4
/data_C2_2/4/C2_2-125601.jpg,4
/data_C2_2/4/C2_2-123201.jpg,4
/data_C2_2/4/C2_2-181701.jpg,4
/data_C2_2/4/C2_2-175401.jpg,4
/data_C2_2/4/C2_2-181102.jpg,4
/data_C2_2/4/C2_2-142401.jpg,4
/data_C2_2/4/C2_2-151002.jpg,4
/data_C2_2/4/C2_2-123101.jpg,4
/data_C2_2/4/C2_2-145402.jpg,4
/data_C2_2/4/C2_2-125101.jpg,4
/data_C2_2/4/C2_2-143601.jpg,4
/data_C2_2/4/C2_2-140701.jpg,4
/data_C2_2/4/C2_2-171901.jpg,4
/data_C2_2/4/C2_2-144101.jpg,4
/data_C2_2/4/C2_2-155201.jpg,4
/data_C2_2/4/C2_2-162402.jpg,4
/data_C2_2/4/C2_2-154801.jpg,4
/data_C2_2/4/C2_2-093601.jpg,4
/data_C2_2/4/C2_2-104801.jpg,4
/data_C2_2/4/C2_2-124801.jpg,4
/data_C2_2/4/C2_2-161801.jpg,4
/data_C2_2/4/C2_2-171202.jpg,4
/data_C2_2/4/C2_2-144202.jpg,4
/data_C2_2/4/C2_2-173502.jpg,4
/data_C2_2/4/C2_2-135501.jpg,4
/data_C2_2/4/C2_2-144301.jpg,4
/data_C2_2/4/C2_2-104901.jpg,4
/data_C2_2/4/C2_2-141901.jpg,4
/data_C2_2/4/C2_2-125501.jpg,4
/data_C2_2/4/C2_2-134301.jpg,4
/data_C2_2/4/C2_2-135001.jpg,4
/data_C2_2/4/C2_2-145001.jpg,4
/data_C2_2/4/C2_2-121301.jpg,4
/data_C2_2/4/C2_2-103901.jpg,4
/data_C2_2/4/C2_2-104602.jpg,4
/data_C2_2/4/C2_2-111701.jpg,4
/data_C2_2/4/C2_2-113401.jpg,4
/data_C2_2/4/C2_2-094201.jpg,4
/data_C2_2/4/C2_2-170701.jpg,4
/data_C2_2/4/C2_2-111601.jpg,4
/data_C2_2/4/C2_2-135301.jpg,4
/data_C2_2/4/C2_2-105301.jpg,4
/data_C2_2/4/C2_2-105001.jpg,4
/data_C2_2/4/C2_2-105802.jpg,4
/data_C2_2/4/C2_2-141101.jpg,4
/data_C2_2/4/C2_2-123501.jpg,4
/data_C2_2/4/C2_2-143201.jpg,4
/data_C2_2/4/C2_2-134901.jpg,4
/data_C2_2/4/C2_2-113001.jpg,4
/data_C2_2/4/C2_2-141001.jpg,4
/data_C2_2/4/C2_2-111401.jpg,4
/data_C2_2/4/C2_2-112101.jpg,4
/data_C2_2/4/C2_2-095001.jpg,4
/data_C2_2/4/C2_2-172801.jpg,4
/data_C2_2/4/C2_2-113501.jpg,4
/data_C2_2/4/C2_2-110301.jpg,4
/data_C2_2/4/C2_2-092401.jpg,4
/data_C2_2/4/C2_2-142101.jpg,4
/data_C2_2/4/C2_2-172901.jpg,4
/data_C2_2/4/C2_2-140001.jpg,4
/data_C2_2/4/C2_2-135401.jpg,4
/data_C2_2/4/C2_2-150802.jpg,4
/data_C2_2/4/C2_2-135901.jpg,4
/data_C2_2/4/C2_2-115001.jpg,4
/data_C2_2/4/C2_2-171301.jpg,4
/data_C2_2/4/C2_2-125001.jpg,4
/data_C2_2/4/C2_2-150300.jpg,4
/data_C2_2/4/C2_2-171802.jpg,4
/data_C2_2/4/C2_2-151202.jpg,4
/data_C2_2/4/C2_2-130001.jpg,4
/data_C2_2/4/C2_2-104501.jpg,4
/data_C2_2/4/C2_2-145102.jpg,4
/data_C2_2/4/C2_2-175502.jpg,4
/data_C2_2/4/C2_2-162502.jpg,4
/data_C2_2/4/C2_2-174702.jpg,4
/data_C2_2/4/C2_2-112301.jpg,4
/data_C2_2/4/C2_2-124901.jpg,4
/data_C2_2/4/C2_2-145801.jpg,4
/data_C2_2/4/C2_2-174601.jpg,4
/data_C2_2/4/C2_2-110901.jpg,4
/data_C2_2/4/C2_2-123801.jpg,4
/data_C2_2/4/C2_2-182802.jpg,4
/data_C2_2/4/C2_2-123701.jpg,4
/data_C2_2/4/C2_2-111301.jpg,4
/data_C2_2/4/C2_2-093101.jpg,4
/data_C2_2/4/C2_2-173003.jpg,4
/data_C2_2/4/C2_2-113101.jpg,4
/data_C2_2/4/C2_2-152201.jpg,4
/data_C2_2/4/C2_2-151100.jpg,4
/data_C2_2/4/C2_2-142702.jpg,4
/data_C2_2/4/C2_2-150602.jpg,4
/data_C2_2/4/C2_2-141600.jpg,4
/data_C2_2/4/C2_2-124001.jpg,4
/data_C2_2/4/C2_2-171002.jpg,4
/data_C2_2/4/C2_2-143001.jpg,4
/data_C2_2/4/C2_2-150002.jpg,4
/data_C2_2/4/C2_2-171102.jpg,4
/data_C2_2/4/C2_2-094301.jpg,4
/data_C2_2/4/C2_2-115101.jpg,4
/data_C2_2/4/C2_2-135101.jpg,4
/data_C2_2/4/C2_2-143701.jpg,4
/data_C2_2/4/C2_2-122901.jpg,4
/data_C2_2/4/C2_2-182202.jpg,4
/data_C2_2/4/C2_2-131501.jpg,4
/data_C2_2/4/C2_2-111901.jpg,4
/data_C2_2/4/C2_2-110701.jpg,4
/data_C2_2/4/C2_2-105202.jpg,4
/data_C2_2/4/C2_2-124201.jpg,4
/data_C2_2/4/C2_2-131401.jpg,4
/data_C2_2/4/C2_2-155300.jpg,4
/data_C2_2/4/C2_2-121401.jpg,4
/data_C2_2/4/C2_2-151501.jpg,4
/data_C2_2/4/C2_2-174203.jpg,4
/data_C2_2/4/C2_2-151301.jpg,4
/data_C2_2/4/C2_2-121801.jpg,4
/data_C2_2/4/C2_2-170902.jpg,4
/data_C2_2/4/C2_2-145701.jpg,4
/data_C2_2/4/C2_2-143401.jpg,4
/data_C2_2/4/C2_2-172201.jpg,4
/data_C2_2/4/C2_2-150502.jpg,4
/data_C2_2/4/C2_2-130401.jpg,4
/data_C2_2/4/C2_2-145901.jpg,4
/data_C2_2/4/C2_2-092301.jpg,4
/data_C2_2/4/C2_2-131801.jpg,4
/data_C2_2/4/C2_2-111501.jpg,4
/data_C2_2/4/C2_2-125401.jpg,4
/data_C2_2/4/C2_2-105402.jpg,4
/data_C2_2/4/C2_2-152402.jpg,4
/data_C2_2/4/C2_2-094900.jpg,4
/data_C2_2/4/C2_2-161702.jpg,4
/data_C2_2/4/C2_2-092601.jpg,4
/data_C2_2/4/C2_2-134501.jpg,4
/data_C2_2/4/C2_2-092101.jpg,4
/data_C2_2/4/C2_2-094500.jpg,4
/data_C2_2/4/C2_2-134800.jpg,4
/data_C2_2/4/C2_2-122401.jpg,4
/data_C2_2/4/C2_2-141201.jpg,4
/data_C2_2/4/C2_2-174402.jpg,4
/data_C2_2/4/C2_2-123901.jpg,4
/data_C2_2/4/C2_2-094001.jpg,4
/data_C2_2/4/C2_2-091301.jpg,4
/data_C2_2/4/C2_2-094400.jpg,4
/data_C2_2/4/C2_2-092001.jpg,4
/data_C2_2/4/C2_2-151602.jpg,4
/data_C2_2/4/C2_2-143802.jpg,4
/data_C2_2/4/C2_2-172301.jpg,4
/data_C2_2/4/C2_2-123001.jpg,4
/data_C2_2/4/C2_2-150401.jpg,4
/data_C2_2/4/C2_2-121901.jpg,4
/data_C2_2/4/C2_2-143501.jpg,4
/data_C2_2/4/C2_2-092700.jpg,4
/data_C2_2/4/C2_2-145602.jpg,4
/data_C2_2/4/C2_2-140801.jpg,4
/data_C2_2/4/C2_2-121701.jpg,4
/data_C2_2/4/C2_2-140201.jpg,4
/data_C2_2/4/C2_2-142901.jpg,4
/data_C2_2/4/C2_2-151302.jpg,4
/data_C2_2/4/C2_2-150701.jpg,4
/data_C2_2/4/C2_2-150102.jpg,4
/data_C2_2/4/C2_2-094101.jpg,4
/data_C2_2/4/C2_2-151902.jpg,4
/data_C2_2/4/C2_2-105102.jpg,4
/data_C2_2/4/C2_2-103801.jpg,4
/data_C2_2/4/C2_2-140101.jpg,4
/data_C2_2/4/C2_2-174803.jpg,4
/data_C2_2/4/C2_2-134201.jpg,4
/data_C2_2/4/C2_2-144602.jpg,4
/data_C2_2/4/C2_2-172601.jpg,4
/data_C2_2/4/C2_2-143702.jpg,4
/data_C2_2/4/C2_2-144402.jpg,4
/data_C2_2/4/C2_2-175801.jpg,4
/data_C2_2/4/C2_2-181002.jpg,4
/data_C2_2/4/C2_2-142501.jpg,4
/data_C2_2/4/C2_2-145301.jpg,4
/data_C2_2/4/C2_2-144102.jpg,4
/data_C2_2/4/C2_2-112901.jpg,4
/data_C2_2/4/C2_2-152202.jpg,4
/data_C2_2/4/C2_2-145601.jpg,4
/data_C2_2/4/C2_2-144701.jpg,4
/data_C2_2/4/C2_2-110601.jpg,4
/data_C2_2/4/C2_2-183202.jpg,4
/data_C2_2/4/C2_2-112001.jpg,4
/data_C2_2/4/C2_2-110401.jpg,4
/data_C2_2/4/C2_2-181602.jpg,4
/data_C2_2/4/C2_2-150001.jpg,4
/data_C2_2/4/C2_2-142701.jpg,4
/data_C2_2/4/C2_2-142201.jpg,4
/data_C2_2/4/C2_2-173501.jpg,4
/data_C2_2/4/C2_2-145202.jpg,4
/data_C2_2/4/C2_2-175001.jpg,4
/data_C2_2/4/C2_2-145501.jpg,4
/data_C2_2/4/C2_2-092201.jpg,4
/data_C2_2/4/C2_2-094701.jpg,4
/data_C2_2/4/C2_2-152002.jpg,4
/data_C2_2/4/C2_2-125201.jpg,4
/data_C2_2/4/C2_2-092901.jpg,4
/data_C2_2/4/C2_2-173201.jpg,4
/data_C2_2/4/C2_2-093301.jpg,4
/data_C2_2/4/C2_2-122601.jpg,4
/data_C2_2/4/C2_2-110001.jpg,4
/data_C2_2/4/C2_2-111101.jpg,4
/data_C2_2/4/C2_2-152802.jpg,4
/data_C2_2/4/C2_2-122201.jpg,4
/data_C2_2/4/C2_2-144302.jpg,4
/data_C2_2/4/C2_2-144000.jpg,4
/data_C2_2/4/C2_2-115901.jpg,4
/data_C2_2/4/C2_2-144601.jpg,4
/data_C2_2/4/C2_2-140601.jpg,4
/data_C2_2/4/C2_2-150100.jpg,4
/data_C2_2/4/C2_2-173103.jpg,4
/data_C2_2/4/C2_2-124301.jpg,4
/data_C2_2/4/C2_2-170802.jpg,4
/data_C2_2/4/C2_2-181201.jpg,4
/data_C2_2/4/C2_2-140900.jpg,4
/data_C2_2/4/C2_2-144201.jpg,4
/data_C2_2/4/C2_2-122301.jpg,4
/data_C2_2/4/C2_2-093401.jpg,4
/data_C2_2/4/C2_2-104301.jpg,4
/data_C2_2/4/C2_2-145201.jpg,4
/data_C2_2/4/C2_2-151402.jpg,4
/data_C2_2/4/C2_2-142801.jpg,4
/data_C2_2/4/C2_2-121501.jpg,4
/data_C2_2/4/C2_2-150501.jpg,4
/data_C2_2/4/C2_2-135701.jpg,4
/data_C2_2/4/C2_2-151401.jpg,4
/data_C2_2/4/C2_2-142601.jpg,4
/data_C2_2/4/C2_2-150201.jpg,4
/data_C2_2/4/C2_2-145101.jpg,4
/data_C2_2/4/C2_2-140501.jpg,4
/data_C2_2/4/C2_2-143301.jpg,4
/data_C2_2/4/C2_2-130201.jpg,4
/data_C2_2/4/C2_2-120301.jpg,4
/data_C2_2/4/C2_2-171702.jpg,4
/data_C2_2/4/C2_2-154601.jpg,4
/data_C2_2/4/C2_2-151101.jpg,4
/data_C2_2/4/C2_2-151201.jpg,4
/data_C2_2/4/C2_2-141701.jpg,4
/data_C2_2/4/C2_2-141801.jpg,4
/data_C2_2/4/C2_2-124701.jpg,4
/data_C2_2/4/C2_2-181902.jpg,4
/data_C2_2/4/C2_2-122101.jpg,4
/data_C2_2/4/C2_2-135601.jpg,4
/data_C2_2/4/C2_2-173601.jpg,4
/data_C2_2/4/C2_2-130100.jpg,4
/data_C2_2/4/C2_2-092801.jpg,4
/data_C2_2/4/C2_2-093801.jpg,4
/data_C2_2/4/C2_2-093901.jpg,4
/data_C2_2/4/C2_2-144801.jpg,4
/data_C2_2/4/C2_2-105702.jpg,4
/data_C2_2/4/C2_2-172701.jpg,4
/data_C2_2/4/C2_2-141401.jpg,4
/data_C2_2/4/C2_2-140301.jpg,4
/data_C2_2/4/C2_2-134401.jpg,4
/data_C2_2/4/C2_2-110501.jpg,4
/data_C2_2/4/C2_2-182002.jpg,4
/data_C2_2/4/C2_2-092501.jpg,4
/data_C2_2/4/C2_2-150601.jpg,4
/data_C2_2/4/C2_2-151001.jpg,4
/data_C2_2/4/C2_2-143901.jpg,4
/data_C2_2/4/C2_2-114901.jpg,4
/data_C2_2/4/C2_2-172001.jpg,4
/data_C2_2/4/C2_2-145002.jpg,4
/data_C2_2/4/C2_2-150402.jpg,4
/data_C2_2/4/C2_2-111201.jpg,4
/data_C2_2/4/C2_2-104201.jpg,4
/data_C2_2/4/C2_2-174902.jpg,4
/data_C2_2/4/C2_2-143101.jpg,4
/data_C2_2/4/C2_2-180602.jpg,4
/data_C2_2/4/C2_2-174302.jpg,4
/data_C2_2/4/C2_2-093701.jpg,4
/data_C2_2/4/C2_2-143801.jpg,4
/data_C2_2/4/C2_2-104001.jpg,4
/data_C2_2/4/C2_2-123601.jpg,4
/data_C2_2/4/C2_2-093001.jpg,4
/data_C2_2/4/C2_2-182101.jpg,4
/data_C2_2/4/C2_2-162002.jpg,4
/data_C2_2/4/C2_2-150902.jpg,4
/data_C2_2/4/C2_2-131601.jpg,4
/data_C2_2/4/C2_2-122701.jpg,4
/data_C2_2/4/C2_2-112801.jpg,4
/data_C2_2/4/C2_2-093201.jpg,4
/data_C2_2/4/C2_2-150302.jpg,4
/data_C2_2/4/C2_2-140401.jpg,4
/data_C2_2/4/C2_2-152401.jpg,4
/data_C2_2/4/C2_2-175201.jpg,4
/data_C2_2/4/C2_2-111801.jpg,4
/data_C2_2/4/C2_2-145401.jpg,4
/data_C2_2/4/C2_2-131701.jpg,4
/data_C2_2/4/C2_2-181501.jpg,4
/data_C2_2/4/C2_2-091201.jpg,4
/data_C2_2/4/C2_2-144502.jpg,4
/data_C2_2/4/C2_2-142001.jpg,4
/data_C2_2/4/C2_2-110801.jpg,4
/data_C2_2/4/C2_2-145702.jpg,4
/data_C2_2/4/C2_2-094800.jpg,4
/data_C2_2/4/C2_2-131901.jpg,4
/data_C2_2/4/C2_2-104101.jpg,4
/data_C2_2/4/C2_2-135801.jpg,4
/data_C2_2/4/C2_2-144401.jpg,4
/data_C2_2/4/C2_2-150202.jpg,4
/data_C2_2/4/C2_2-144501.jpg,4
/data_C2_2/4/C2_2-142301.jpg,4
/data_C2_2/4/C2_2-124101.jpg,4
/data_C2_2/4/C2_2-090401.jpg,4
/data_C2_2/4/C2_2-131602.jpg,4
/data_C2_2/4/C2_2-141301.jpg,4
/data_C2_2/4/C2_2-181802.jpg,4
/data_C2_2/4/C2_2-093501.jpg,4
/data_C2_2/4/C2_2-134601.jpg,4
/data_C2_2/4/C2_2-175102.jpg,4
/data_C2_2/4/C2_2-152501.jpg,4
/data_C2_2/4/C2_2-134100.jpg,4
/data_C2_2/4/C2_2-144901.jpg,4
/data_C2_2/4/C2_2-123301.jpg,4
/data_C2_2/4/C2_2-125701.jpg,4
/data_C2_2/4/C2_2-173301.jpg,4
/data_C2_2/4/C2_2-104401.jpg,4
/data_C2_2/4/C2_2-174602.jpg,4
/data_C2_2/4/C2_2-105901.jpg,4
/data_C2_2/4/C2_2-122501.jpg,4
/data_C2_2/4/C2_2-134701.jpg,4
/data_C2_2/4/C2_2-144002.jpg,4
/data_C2_2/0/C2_2-124300.jpg,0
/data_C2_2/0/C2_2-154000.jpg,0
/data_C2_2/0/C2_2-131300.jpg,0
/data_C2_2/0/C2_2-150600.jpg,0
/data_C2_2/0/C2_2-115402.jpg,0
/data_C2_2/0/C2_2-144100.jpg,0
/data_C2_2/0/C2_2-153700.jpg,0
/data_C2_2/0/C2_2-095100.jpg,0
/data_C2_2/0/C2_2-113201.jpg,0
/data_C2_2/0/C2_2-135900.jpg,0
/data_C2_2/0/C2_2-121700.jpg,0
/data_C2_2/0/C2_2-160701.jpg,0
/data_C2_2/0/C2_2-151200.jpg,0
/data_C2_2/0/C2_2-094100.jpg,0
/data_C2_2/0/C2_2-164100.jpg,0
/data_C2_2/0/C2_2-130800.jpg,0
/data_C2_2/0/C2_2-135000.jpg,0
/data_C2_2/0/C2_2-115300.jpg,0
/data_C2_2/0/C2_2-153600.jpg,0
/data_C2_2/0/C2_2-115200.jpg,0
/data_C2_2/0/C2_2-124500.jpg,0
/data_C2_2/0/C2_2-113301.jpg,0
/data_C2_2/0/C2_2-135600.jpg,0
/data_C2_2/0/C2_2-120800.jpg,0
/data_C2_2/0/C2_2-124800.jpg,0
/data_C2_2/0/C2_2-154900.jpg,0
/data_C2_2/0/C2_2-131400.jpg,0
/data_C2_2/0/C2_2-112601_300.jpg,0
/data_C2_2/0/C2_2-141800.jpg,0
/data_C2_2/0/C2_2-122600.jpg,0
/data_C2_2/0/C2_2-114500.jpg,0
/data_C2_2/0/C2_2-115100.jpg,0
/data_C2_2/0/C2_2-150400.jpg,0
/data_C2_2/0/C2_2-130400.jpg,0
/data_C2_2/0/C2_2-132300.jpg,0
/data_C2_2/0/C2_2-165700.jpg,0
/data_C2_2/0/C2_2-133400.jpg,0
/data_C2_2/0/C2_2-123700.jpg,0
/data_C2_2/0/C2_2-155800.jpg,0
/data_C2_2/0/C2_2-120501.jpg,0
/data_C2_2/0/C2_2-125300.jpg,0
/data_C2_2/0/C2_2-113901.jpg,0
/data_C2_2/0/C2_2-160900.jpg,0
/data_C2_2/0/C2_2-143400.jpg,0
/data_C2_2/0/C2_2-160300.jpg,0
/data_C2_2/0/C2_2-160600.jpg,0
/data_C2_2/0/C2_2-153100.jpg,0
/data_C2_2/0/C2_2-161301.jpg,0
/data_C2_2/0/C2_2-123800.jpg,0
/data_C2_2/0/C2_2-150700.jpg,0
/data_C2_2/0/C2_2-115000.jpg,0
/data_C2_2/0/C2_2-113401.jpg,0
/data_C2_2/0/C2_2-131100.jpg,0
/data_C2_2/0/C2_2-154600.jpg,0
/data_C2_2/0/C2_2-122000.jpg,0
/data_C2_2/0/C2_2-152100.jpg,0
/data_C2_2/0/C2_2-161900.jpg,0
/data_C2_2/0/C2_2-113001.jpg,0
/data_C2_2/0/C2_2-092600.jpg,0
/data_C2_2/0/C2_2-152700.jpg,0
/data_C2_2/0/C2_2-141300.jpg,0
/data_C2_2/0/C2_2-131200.jpg,0
/data_C2_2/0/C2_2-095001.jpg,0
/data_C2_2/0/C2_2-113501.jpg,0
/data_C2_2/0/C2_2-162400.jpg,0
/data_C2_2/0/C2_2-112902.jpg,0
/data_C2_2/0/C2_2-121500.jpg,0
/data_C2_2/0/C2_2-120600.jpg,0
/data_C2_2/0/C2_2-145600.jpg,0
/data_C2_2/0/C2_2-134600.jpg,0
/data_C2_2/0/C2_2-151600.jpg,0
/data_C2_2/0/C2_2-123500.jpg,0
/data_C2_2/0/C2_2-130300.jpg,0
/data_C2_2/0/C2_2-115701.jpg,0
/data_C2_2/0/C2_2-145100.jpg,0
/data_C2_2/0/C2_2-150300.jpg,0
/data_C2_2/0/C2_2-115501.jpg,0
/data_C2_2/0/C2_2-145300.jpg,0
/data_C2_2/0/C2_2-130500.jpg,0
/data_C2_2/0/C2_2-161000.jpg,0
/data_C2_2/0/C2_2-155200.jpg,0
/data_C2_2/0/C2_2-121400.jpg,0
/data_C2_2/0/C2_2-124000.jpg,0
/data_C2_2/0/C2_2-125700.jpg,0
/data_C2_2/0/C2_2-163400.jpg,0
/data_C2_2/0/C2_2-164400.jpg,0
/data_C2_2/0/C2_2-150800.jpg,0
/data_C2_2/0/C2_2-162500.jpg,0
/data_C2_2/0/C2_2-155700.jpg,0
/data_C2_2/0/C2_2-150900.jpg,0
/data_C2_2/0/C2_2-164300.jpg,0
/data_C2_2/0/C2_2-163600.jpg,0
/data_C2_2/0/C2_2-133500.jpg,0
/data_C2_2/0/C2_2-162700.jpg,0
/data_C2_2/0/C2_2-151800.jpg,0
/data_C2_2/0/C2_2-092701.jpg,0
/data_C2_2/0/C2_2-121900.jpg,0
/data_C2_2/0/C2_2-113101.jpg,0
/data_C2_2/0/C2_2-130000.jpg,0
/data_C2_2/0/C2_2-151100.jpg,0
/data_C2_2/0/C2_2-114301.jpg,0
/data_C2_2/0/C2_2-143900.jpg,0
/data_C2_2/0/C2_2-141600.jpg,0
/data_C2_2/0/C2_2-120402.jpg,0
/data_C2_2/0/C2_2-145500.jpg,0
/data_C2_2/0/C2_2-161701.jpg,0
/data_C2_2/0/C2_2-123600.jpg,0
/data_C2_2/0/C2_2-151700.jpg,0
/data_C2_2/0/C2_2-115101.jpg,0
/data_C2_2/0/C2_2-144800.jpg,0
/data_C2_2/0/C2_2-134200.jpg,0
/data_C2_2/0/C2_2-120100.jpg,0
/data_C2_2/0/C2_2-161100.jpg,0
/data_C2_2/0/C2_2-124400.jpg,0
/data_C2_2/0/C2_2-162800.jpg,0
/data_C2_2/0/C2_2-161300.jpg,0
/data_C2_2/0/C2_2-165800.jpg,0
/data_C2_2/0/C2_2-114801.jpg,0
/data_C2_2/0/C2_2-132000.jpg,0
/data_C2_2/0/C2_2-145800.jpg,0
/data_C2_2/0/C2_2-113301_100.jpg,0
/data_C2_2/0/C2_2-160601.jpg,0
/data_C2_2/0/C2_2-112401_100.jpg,0
/data_C2_2/0/C2_2-114001.jpg,0
/data_C2_2/0/C2_2-122500.jpg,0
/data_C2_2/0/C2_2-155300.jpg,0
/data_C2_2/0/C2_2-154500.jpg,0
/data_C2_2/0/C2_2-161200.jpg,0
/data_C2_2/0/C2_2-141500.jpg,0
/data_C2_2/0/C2_2-130900.jpg,0
/data_C2_2/0/C2_2-151500.jpg,0
/data_C2_2/0/C2_2-160500.jpg,0
/data_C2_2/0/C2_2-092000.jpg,0
/data_C2_2/0/C2_2-135100.jpg,0
/data_C2_2/0/C2_2-162200.jpg,0
/data_C2_2/0/C2_2-152400.jpg,0
/data_C2_2/0/C2_2-161700.jpg,0
/data_C2_2/0/C2_2-162300.jpg,0
/data_C2_2/0/C2_2-152200.jpg,0
/data_C2_2/0/C2_2-112701.jpg,0
/data_C2_2/0/C2_2-162100.jpg,0
/data_C2_2/0/C2_2-121800.jpg,0
/data_C2_2/0/C2_2-140600.jpg,0
/data_C2_2/0/C2_2-155601.jpg,0
/data_C2_2/0/C2_2-164200.jpg,0
/data_C2_2/0/C2_2-141000.jpg,0
/data_C2_2/0/C2_2-115601.jpg,0
/data_C2_2/0/C2_2-161601.jpg,0
/data_C2_2/0/C2_2-132500.jpg,0
/data_C2_2/0/C2_2-163800.jpg,0
/data_C2_2/0/C2_2-130600.jpg,0
/data_C2_2/0/C2_2-124100.jpg,0
/data_C2_2/0/C2_2-114101.jpg,0
/data_C2_2/0/C2_2-165400.jpg,0
/data_C2_2/0/C2_2-160801.jpg,0
/data_C2_2/0/C2_2-125400.jpg,0
/data_C2_2/0/C2_2-144700.jpg,0
/data_C2_2/0/C2_2-133000.jpg,0
/data_C2_2/0/C2_2-160101.jpg,0
/data_C2_2/0/C2_2-121100.jpg,0
/data_C2_2/0/C2_2-143700.jpg,0
/data_C2_2/0/C2_2-153000.jpg,0
/data_C2_2/0/C2_2-120700.jpg,0
/data_C2_2/0/C2_2-100201.jpg,0
/data_C2_2/0/C2_2-142600.jpg,0
/data_C2_2/0/C2_2-122300.jpg,0
/data_C2_2/0/C2_2-094900.jpg,0
/data_C2_2/0/C2_2-160401.jpg,0
/data_C2_2/0/C2_2-120201.jpg,0
/data_C2_2/0/C2_2-114201.jpg,0
/data_C2_2/0/C2_2-131900.jpg,0
/data_C2_2/0/C2_2-125600.jpg,0
/data_C2_2/0/C2_2-155600.jpg,0
/data_C2_2/0/C2_2-094500.jpg,0
/data_C2_2/0/C2_2-120000.jpg,0
/data_C2_2/0/C2_2-134000.jpg,0
/data_C2_2/0/C2_2-135800.jpg,0
/data_C2_2/0/C2_2-122400.jpg,0
/data_C2_2/0/C2_2-134800.jpg,0
/data_C2_2/0/C2_2-151400.jpg,0
/data_C2_2/0/C2_2-165100.jpg,0
/data_C2_2/0/C2_2-162600.jpg,0
/data_C2_2/0/C2_2-125100.jpg,0
/data_C2_2/0/C2_2-094600.jpg,0
/data_C2_2/0/C2_2-141700.jpg,0
/data_C2_2/0/C2_2-125500.jpg,0
/data_C2_2/0/C2_2-155901.jpg,0
/data_C2_2/0/C2_2-152900.jpg,0
/data_C2_2/0/C2_2-094000.jpg,0
/data_C2_2/0/C2_2-140100.jpg,0
/data_C2_2/0/C2_2-132900.jpg,0
/data_C2_2/0/C2_2-114900.jpg,0
/data_C2_2/0/C2_2-143000.jpg,0
/data_C2_2/0/C2_2-155802.jpg,0
/data_C2_2/0/C2_2-152600.jpg,0
/data_C2_2/0/C2_2-123400.jpg,0
/data_C2_2/0/C2_2-160501.jpg,0
/data_C2_2/0/C2_2-135500.jpg,0
/data_C2_2/0/C2_2-145900.jpg,0
/data_C2_2/0/C2_2-165900.jpg,0
/data_C2_2/0/C2_2-160400.jpg,0
/data_C2_2/0/C2_2-163100.jpg,0
/data_C2_2/0/C2_2-094700.jpg,0
/data_C2_2/0/C2_2-155701.jpg,0
/data_C2_2/0/C2_2-165500.jpg,0
/data_C2_2/0/C2_2-150200.jpg,0
/data_C2_2/0/C2_2-142400.jpg,0
/data_C2_2/0/C2_2-151000.jpg,0
/data_C2_2/0/C2_2-092300.jpg,0
/data_C2_2/0/C2_2-150500.jpg,0
/data_C2_2/0/C2_2-092100.jpg,0
/data_C2_2/0/C2_2-145000.jpg,0
/data_C2_2/0/C2_2-162000.jpg,0
/data_C2_2/0/C2_2-160800.jpg,0
/data_C2_2/0/C2_2-120300.jpg,0
/data_C2_2/0/C2_2-131500.jpg,0
/data_C2_2/0/C2_2-092400.jpg,0
/data_C2_2/0/C2_2-101100.jpg,0
/data_C2_2/0/C2_2-141200.jpg,0
/data_C2_2/0/C2_2-100001.jpg,0
/data_C2_2/0/C2_2-121000.jpg,0
/data_C2_2/0/C2_2-091800.jpg,0
/data_C2_2/0/C2_2-164000.jpg,0
/data_C2_2/0/C2_2-092800.jpg,0
/data_C2_2/0/C2_2-121600.jpg,0
/data_C2_2/0/C2_2-123300.jpg,0
/data_C2_2/0/C2_2-140400.jpg,0
/data_C2_2/0/C2_2-143600.jpg,0
/data_C2_2/0/C2_2-125800.jpg,0
/data_C2_2/0/C2_2-165200.jpg,0
/data_C2_2/0/C2_2-100101.jpg,0
/data_C2_2/0/C2_2-134900.jpg,0
/data_C2_2/0/C2_2-112301_180.jpg,0
/data_C2_2/0/C2_2-144200.jpg,0
/data_C2_2/0/C2_2-135200.jpg,0
/data_C2_2/0/C2_2-123200.jpg,0
/data_C2_2/0/C2_2-155900.jpg,0
/data_C2_2/0/C2_2-133800.jpg,0
/data_C2_2/0/C2_2-152800.jpg,0
/data_C2_2/0/C2_2-114701.jpg,0
/data_C2_2/0/C2_2-122700.jpg,0
/data_C2_2/0/C2_2-142100.jpg,0
/data_C2_2/0/C2_2-132200.jpg,0
/data_C2_2/0/C2_2-133300.jpg,0
/data_C2_2/0/C2_2-141900.jpg,0
/data_C2_2/0/C2_2-162900.jpg,0
/data_C2_2/0/C2_2-132700.jpg,0
/data_C2_2/0/C2_2-140700.jpg,0
/data_C2_2/0/C2_2-153400.jpg,0
/data_C2_2/0/C2_2-124700.jpg,0
/data_C2_2/0/C2_2-142900.jpg,0
/data_C2_2/0/C2_2-132800.jpg,0
/data_C2_2/0/C2_2-155400.jpg,0
/data_C2_2/0/C2_2-092901.jpg,0
/data_C2_2/0/C2_2-160200.jpg,0
/data_C2_2/0/C2_2-122800.jpg,0
/data_C2_2/0/C2_2-131600.jpg,0
/data_C2_2/0/C2_2-134400.jpg,0
/data_C2_2/0/C2_2-160000.jpg,0
/data_C2_2/0/C2_2-154300.jpg,0
/data_C2_2/0/C2_2-151300.jpg,0
/data_C2_2/0/C2_2-143200.jpg,0
/data_C2_2/0/C2_2-144000.jpg,0
/data_C2_2/0/C2_2-142000.jpg,0
/data_C2_2/0/C2_2-115201.jpg,0
/data_C2_2/0/C2_2-124200.jpg,0
/data_C2_2/0/C2_2-101200.jpg,0
/data_C2_2/0/C2_2-115901.jpg,0
/data_C2_2/0/C2_2-163300.jpg,0
/data_C2_2/0/C2_2-115801.jpg,0
/data_C2_2/0/C2_2-153300.jpg,0
/data_C2_2/0/C2_2-150100.jpg,0
/data_C2_2/0/C2_2-164500.jpg,0
/data_C2_2/0/C2_2-134500.jpg,0
/data_C2_2/0/C2_2-094300.jpg,0
/data_C2_2/0/C2_2-125200.jpg,0
/data_C2_2/0/C2_2-140900.jpg,0
/data_C2_2/0/C2_2-123000.jpg,0
/data_C2_2/0/C2_2-131800.jpg,0
/data_C2_2/0/C2_2-132100.jpg,0
/data_C2_2/0/C2_2-131000.jpg,0
/data_C2_2/0/C2_2-153900.jpg,0
/data_C2_2/0/C2_2-165000.jpg,0
/data_C2_2/0/C2_2-114000.jpg,0
/data_C2_2/0/C2_2-140800.jpg,0
/data_C2_2/0/C2_2-153200.jpg,0
/data_C2_2/0/C2_2-114400.jpg,0
/data_C2_2/0/C2_2-190100.jpg,0
/data_C2_2/0/C2_2-125900.jpg,0
/data_C2_2/0/C2_2-134700.jpg,0
/data_C2_2/0/C2_2-164600.jpg,0
/data_C2_2/0/C2_2-135300.jpg,0
/data_C2_2/0/C2_2-142500.jpg,0
/data_C2_2/0/C2_2-135700.jpg,0
/data_C2_2/0/C2_2-160301.jpg,0
/data_C2_2/0/C2_2-161400.jpg,0
/data_C2_2/0/C2_2-115400.jpg,0
/data_C2_2/0/C2_2-161600.jpg,0
/data_C2_2/0/C2_2-145400.jpg,0
/data_C2_2/0/C2_2-164900.jpg,0
/data_C2_2/0/C2_2-154200.jpg,0
/data_C2_2/0/C2_2-094401.jpg,0
/data_C2_2/0/C2_2-155000.jpg,0
/data_C2_2/0/C2_2-151900.jpg,0
/data_C2_2/0/C2_2-133700.jpg,0
/data_C2_2/0/C2_2-163900.jpg,0
/data_C2_2/0/C2_2-161001.jpg,0
/data_C2_2/0/C2_2-133600.jpg,0
/data_C2_2/0/C2_2-120301.jpg,0
/data_C2_2/0/C2_2-153800.jpg,0
/data_C2_2/0/C2_2-132400.jpg,0
/data_C2_2/0/C2_2-154100.jpg,0
/data_C2_2/0/C2_2-154400.jpg,0
/data_C2_2/0/C2_2-144400.jpg,0
/data_C2_2/0/C2_2-120200.jpg,0
/data_C2_2/0/C2_2-131700.jpg,0
/data_C2_2/0/C2_2-094200.jpg,0
/data_C2_2/0/C2_2-164800.jpg,0
/data_C2_2/0/C2_2-141400.jpg,0
/data_C2_2/0/C2_2-140000.jpg,0
/data_C2_2/0/C2_2-123900.jpg,0
/data_C2_2/0/C2_2-130100.jpg,0
/data_C2_2/0/C2_2-133200.jpg,0
/data_C2_2/0/C2_2-114501.jpg,0
/data_C2_2/0/C2_2-160700.jpg,0
/data_C2_2/0/C2_2-113601.jpg,0
/data_C2_2/0/C2_2-120400.jpg,0
/data_C2_2/0/C2_2-122200.jpg,0
/data_C2_2/0/C2_2-154700.jpg,0
/data_C2_2/0/C2_2-160901.jpg,0
/data_C2_2/0/C2_2-163000.jpg,0
/data_C2_2/0/C2_2-145700.jpg,0
/data_C2_2/0/C2_2-144900.jpg,0
/data_C2_2/0/C2_2-155501.jpg,0
/data_C2_2/0/C2_2-163200.jpg,0
/data_C2_2/0/C2_2-114602.jpg,0
/data_C2_2/0/C2_2-122100.jpg,0
/data_C2_2/0/C2_2-114401.jpg,0
/data_C2_2/0/C2_2-155500.jpg,0
/data_C2_2/0/C2_2-092500.jpg,0
/data_C2_2/0/C2_2-160201.jpg,0
/data_C2_2/0/C2_2-142800.jpg,0
/data_C2_2/0/C2_2-121200.jpg,0
/data_C2_2/0/C2_2-160001.jpg,0
/data_C2_2/0/C2_2-101000.jpg,0
/data_C2_2/0/C2_2-161500.jpg,0
/data_C2_2/0/C2_2-165600.jpg,0
/data_C2_2/0/C2_2-114901.jpg,0
/data_C2_2/0/C2_2-141100.jpg,0
/data_C2_2/0/C2_2-154800.jpg,0
/data_C2_2/0/C2_2-143500.jpg,0
/data_C2_2/0/C2_2-163500.jpg,0
/data_C2_2/0/C2_2-115600.jpg,0
/data_C2_2/0/C2_2-134300.jpg,0
/data_C2_2/0/C2_2-122900.jpg,0
/data_C2_2/0/C2_2-140300.jpg,0
/data_C2_2/0/C2_2-143100.jpg,0
/data_C2_2/0/C2_2-115002.jpg,0
/data_C2_2/0/C2_2-125000.jpg,0
/data_C2_2/0/C2_2-170000.jpg,0
/data_C2_2/0/C2_2-093900.jpg,0
/data_C2_2/0/C2_2-140200.jpg,0
/data_C2_2/0/C2_2-121300.jpg,0
/data_C2_2/0/C2_2-163700.jpg,0
/data_C2_2/0/C2_2-133900.jpg,0
/data_C2_2/0/C2_2-093001.jpg,0
/data_C2_2/0/C2_2-142300.jpg,0
/data_C2_2/0/C2_2-164700.jpg,0
/data_C2_2/0/C2_2-135400.jpg,0
/data_C2_2/0/C2_2-161402.jpg,0
/data_C2_2/0/C2_2-152500.jpg,0
/data_C2_2/0/C2_2-112801.jpg,0
/data_C2_2/0/C2_2-130200.jpg,0
/data_C2_2/0/C2_2-152300.jpg,0
/data_C2_2/0/C2_2-124900.jpg,0
/data_C2_2/0/C2_2-115500.jpg,0
/data_C2_2/0/C2_2-100900.jpg,0
/data_C2_2/0/C2_2-113701.jpg,0
/data_C2_2/0/C2_2-142700.jpg,0
/data_C2_2/0/C2_2-120900.jpg,0
/data_C2_2/0/C2_2-144300.jpg,0
/data_C2_2/0/C2_2-161800.jpg,0
/data_C2_2/0/C2_2-094800.jpg,0
/data_C2_2/0/C2_2-133100.jpg,0
/data_C2_2/0/C2_2-142200.jpg,0
/data_C2_2/0/C2_2-115700.jpg,0
/data_C2_2/0/C2_2-093100.jpg,0
/data_C2_2/0/C2_2-150000.jpg,0
/data_C2_2/0/C2_2-153500.jpg,0
/data_C2_2/0/C2_2-115900.jpg,0
/data_C2_2/0/C2_2-143300.jpg,0
/data_C2_2/0/C2_2-092200.jpg,0
/data_C2_2/0/C2_2-161101.jpg,0
/data_C2_2/0/C2_2-165300.jpg,0
/data_C2_2/0/C2_2-144600.jpg,0
/data_C2_2/0/C2_2-144500.jpg,0
/data_C2_2/0/C2_2-155100.jpg,0
/data_C2_2/0/C2_2-145200.jpg,0
/data_C2_2/0/C2_2-120500.jpg,0
/data_C2_2/2/C2_2-135201.jpg,2
/data_C2_2/2/C2_2-130202.jpg,2
/data_C2_2/2/C2_2-174002.jpg,2
/data_C2_2/2/C2_2-141602.jpg,2
/data_C2_2/2/C2_2-142401.jpg,2
/data_C2_2/2/C2_2-170501.jpg,2
/data_C2_2/2/C2_2-172101.jpg,2
/data_C2_2/2/C2_2-143601.jpg,2
/data_C2_2/2/C2_2-171901.jpg,2
/data_C2_2/2/C2_2-144101.jpg,2
/data_C2_2/2/C2_2-115100.jpg,2
/data_C2_2/2/C2_2-170801.jpg,2
/data_C2_2/2/C2_2-144202.jpg,2
/data_C2_2/2/C2_2-135501.jpg,2
/data_C2_2/2/C2_2-144301.jpg,2
/data_C2_2/2/C2_2-134101.jpg,2
/data_C2_2/2/C2_2-130501.jpg,2
/data_C2_2/2/C2_2-170601.jpg,2
/data_C2_2/2/C2_2-135301.jpg,2
/data_C2_2/2/C2_2-134901.jpg,2
/data_C2_2/2/C2_2-121002.jpg,2
/data_C2_2/2/C2_2-113501.jpg,2
/data_C2_2/2/C2_2-142101.jpg,2
/data_C2_2/2/C2_2-124501.jpg,2
/data_C2_2/2/C2_2-171301.jpg,2
/data_C2_2/2/C2_2-125001.jpg,2
/data_C2_2/2/C2_2-170901.jpg,2
/data_C2_2/2/C2_2-074201_1000.jpg,2
/data_C2_2/2/C2_2-162500.jpg,2
/data_C2_2/2/C2_2-124901.jpg,2
/data_C2_2/2/C2_2-133201.jpg,2
/data_C2_2/2/C2_2-150002.jpg,2
/data_C2_2/2/C2_2-175701.jpg,2
/data_C2_2/2/C2_2-135101.jpg,2
/data_C2_2/2/C2_2-143701.jpg,2
/data_C2_2/2/C2_2-161300.jpg,2
/data_C2_2/2/C2_2-140002.jpg,2
/data_C2_2/2/C2_2-120001.jpg,2
/data_C2_2/2/C2_2-171402.jpg,2
/data_C2_2/2/C2_2-162100.jpg,2
/data_C2_2/2/C2_2-172201.jpg,2
/data_C2_2/2/C2_2-170402.jpg,2
/data_C2_2/2/C2_2-145901.jpg,2
/data_C2_2/2/C2_2-141202.jpg,2
/data_C2_2/2/C2_2-130101.jpg,2
/data_C2_2/2/C2_2-120700.jpg,2
/data_C2_2/2/C2_2-134501.jpg,2
/data_C2_2/2/C2_2-133902.jpg,2
/data_C2_2/2/C2_2-150801.jpg,2
/data_C2_2/2/C2_2-143802.jpg,2
/data_C2_2/2/C2_2-171601.jpg,2
/data_C2_2/2/C2_2-165900.jpg,2
/data_C2_2/2/C2_2-171801.jpg,2
/data_C2_2/2/C2_2-122202.jpg,2
/data_C2_2/2/C2_2-130301.jpg,2
/data_C2_2/2/C2_2-171501.jpg,2
/data_C2_2/2/C2_2-174202.jpg,2
/data_C2_2/2/C2_2-140801.jpg,2
/data_C2_2/2/C2_2-160800.jpg,2
/data_C2_2/2/C2_2-150701.jpg,2
/data_C2_2/2/C2_2-173401.jpg,2
/data_C2_2/2/C2_2-172002.jpg,2
/data_C2_2/2/C2_2-162401.jpg,2
/data_C2_2/2/C2_2-140101.jpg,2
/data_C2_2/2/C2_2-173101.jpg,2
/data_C2_2/2/C2_2-141501.jpg,2
/data_C2_2/2/C2_2-142501.jpg,2
/data_C2_2/2/C2_2-145301.jpg,2
/data_C2_2/2/C2_2-144701.jpg,2
/data_C2_2/2/C2_2-135402.jpg,2
/data_C2_2/2/C2_2-142701.jpg,2
/data_C2_2/2/C2_2-142201.jpg,2
/data_C2_2/2/C2_2-173501.jpg,2
/data_C2_2/2/C2_2-150301.jpg,2
/data_C2_2/2/C2_2-095800.jpg,2
/data_C2_2/2/C2_2-122801.jpg,2
/data_C2_2/2/C2_2-160002_1000.jpg,2
/data_C2_2/2/C2_2-140601.jpg,2
/data_C2_2/2/C2_2-150501.jpg,2
/data_C2_2/2/C2_2-130002.jpg,2
/data_C2_2/2/C2_2-134002.jpg,2
/data_C2_2/2/C2_2-142601.jpg,2
/data_C2_2/2/C2_2-150201.jpg,2
/data_C2_2/2/C2_2-171701.jpg,2
/data_C2_2/2/C2_2-161400.jpg,2
/data_C2_2/2/C2_2-171201.jpg,2
/data_C2_2/2/C2_2-173001.jpg,2
/data_C2_2/2/C2_2-145802.jpg,2
/data_C2_2/2/C2_2-112402.jpg,2
/data_C2_2/2/C2_2-135601.jpg,2
/data_C2_2/2/C2_2-144801.jpg,2
/data_C2_2/2/C2_2-140702.jpg,2
/data_C2_2/2/C2_2-141401.jpg,2
/data_C2_2/2/C2_2-150601.jpg,2
/data_C2_2/2/C2_2-143901.jpg,2
/data_C2_2/2/C2_2-174101.jpg,2
/data_C2_2/2/C2_2-150101.jpg,2
/data_C2_2/2/C2_2-150402.jpg,2
/data_C2_2/2/C2_2-171001.jpg,2
/data_C2_2/2/C2_2-170301.jpg,2
/data_C2_2/2/C2_2-122701.jpg,2
/data_C2_2/2/C2_2-133801.jpg,2
/data_C2_2/2/C2_2-135801.jpg,2
/data_C2_2/2/C2_2-144401.jpg,2
/data_C2_2/2/C2_2-142301.jpg,2
/data_C2_2/2/C2_2-171100.jpg,2
/data_C2_2/2/C2_2-141301.jpg,2
/data_C2_2/2/C2_2-172200.jpg,2
/data_C2_2/2/C2_2-120902.jpg,2
/data_C2_2/2/C2_2-133301.jpg,2
/data_C2_2/2/C2_2-144002.jpg,2
/data_C2_2/6/C2_2-130701.jpg,6
/data_C2_2/6/C2_2-095801.jpg,6
/data_C2_2/6/C2_2-183302.jpg,6
/data_C2_2/6/C2_2-101301.jpg,6
/data_C2_2/6/C2_2-125301.jpg,6
/data_C2_2/6/C2_2-112401.jpg,6
/data_C2_2/6/C2_2-084802.jpg,6
/data_C2_2/6/C2_2-085202.jpg,6
/data_C2_2/6/C2_2-103902.jpg,6
/data_C2_2/6/C2_2-151002.jpg,6
/data_C2_2/6/C2_2-175402.jpg,6
/data_C2_2/6/C2_2-171502.jpg,6
/data_C2_2/6/C2_2-132102.jpg,6
/data_C2_2/6/C2_2-171901.jpg,6
/data_C2_2/6/C2_2-102402.jpg,6
/data_C2_2/6/C2_2-095401.jpg,6
/data_C2_2/6/C2_2-162802.jpg,6
/data_C2_2/6/C2_2-160502.jpg,6
/data_C2_2/6/C2_2-190502.jpg,6
/data_C2_2/6/C2_2-093102.jpg,6
/data_C2_2/6/C2_2-120302.jpg,6
/data_C2_2/6/C2_2-094002.jpg,6
/data_C2_2/6/C2_2-115702.jpg,6
/data_C2_2/6/C2_2-170801.jpg,6
/data_C2_2/6/C2_2-164302.jpg,6
/data_C2_2/6/C2_2-112303.jpg,6
/data_C2_2/6/C2_2-120501.jpg,6
/data_C2_2/6/C2_2-123502.jpg,6
/data_C2_2/6/C2_2-093702.jpg,6
/data_C2_2/6/C2_2-121602.jpg,6
/data_C2_2/6/C2_2-191301.jpg,6
/data_C2_2/6/C2_2-104102.jpg,6
/data_C2_2/6/C2_2-104901.jpg,6
/data_C2_2/6/C2_2-163202.jpg,6
/data_C2_2/6/C2_2-082302.jpg,6
/data_C2_2/6/C2_2-092402.jpg,6
/data_C2_2/6/C2_2-083602.jpg,6
/data_C2_2/6/C2_2-181901.jpg,6
/data_C2_2/6/C2_2-113203.jpg,6
/data_C2_2/6/C2_2-101402.jpg,6
/data_C2_2/6/C2_2-091701.jpg,6
/data_C2_2/6/C2_2-080501.jpg,6
/data_C2_2/6/C2_2-121301.jpg,6
/data_C2_2/6/C2_2-171401.jpg,6
/data_C2_2/6/C2_2-132101.jpg,6
/data_C2_2/6/C2_2-092602.jpg,6
/data_C2_2/6/C2_2-113401.jpg,6
/data_C2_2/6/C2_2-164602.jpg,6
/data_C2_2/6/C2_2-175501.jpg,6
/data_C2_2/6/C2_2-105001.jpg,6
/data_C2_2/6/C2_2-105802.jpg,6
/data_C2_2/6/C2_2-080902.jpg,6
/data_C2_2/6/C2_2-180101.jpg,6
/data_C2_2/6/C2_2-111702.jpg,6
/data_C2_2/6/C2_2-114902.jpg,6
/data_C2_2/6/C2_2-111401.jpg,6
/data_C2_2/6/C2_2-112101.jpg,6
/data_C2_2/6/C2_2-095001.jpg,6
/data_C2_2/6/C2_2-115102.jpg,6
/data_C2_2/6/C2_2-172402.jpg,6
/data_C2_2/6/C2_2-172801.jpg,6
/data_C2_2/6/C2_2-124002.jpg,6
/data_C2_2/6/C2_2-112902.jpg,6
/data_C2_2/6/C2_2-175202.jpg,6
/data_C2_2/6/C2_2-102601.jpg,6
/data_C2_2/6/C2_2-083802.jpg,6
/data_C2_2/6/C2_2-165902.jpg,6
/data_C2_2/6/C2_2-150802.jpg,6
/data_C2_2/6/C2_2-102301.jpg,6
/data_C2_2/6/C2_2-103602.jpg,6
/data_C2_2/6/C2_2-115501.jpg,6
/data_C2_2/6/C2_2-084302.jpg,6
/data_C2_2/6/C2_2-085401.jpg,6
/data_C2_2/6/C2_2-101001.jpg,6
/data_C2_2/6/C2_2-093502.jpg,6
/data_C2_2/6/C2_2-182102.jpg,6
/data_C2_2/6/C2_2-142902.jpg,6
/data_C2_2/6/C2_2-184602.jpg,6
/data_C2_2/6/C2_2-092701.jpg,6
/data_C2_2/6/C2_2-105002.jpg,6
/data_C2_2/6/C2_2-135502.jpg,6
/data_C2_2/6/C2_2-105401.jpg,6
/data_C2_2/6/C2_2-173102.jpg,6
/data_C2_2/6/C2_2-084202.jpg,6
/data_C2_2/6/C2_2-080601.jpg,6
/data_C2_2/6/C2_2-112102.jpg,6
/data_C2_2/6/C2_2-090902.jpg,6
/data_C2_2/6/C2_2-160602.jpg,6
/data_C2_2/6/C2_2-150002.jpg,6
/data_C2_2/6/C2_2-080001.jpg,6
/data_C2_2/6/C2_2-094301.jpg,6
/data_C2_2/6/C2_2-110802.jpg,6
/data_C2_2/6/C2_2-125202.jpg,6
/data_C2_2/6/C2_2-080402.jpg,6
/data_C2_2/6/C2_2-163602.jpg,6
/data_C2_2/6/C2_2-154702.jpg,6
/data_C2_2/6/C2_2-123903.jpg,6
/data_C2_2/6/C2_2-124702.jpg,6
/data_C2_2/6/C2_2-104701.jpg,6
/data_C2_2/6/C2_2-185202.jpg,6
/data_C2_2/6/C2_2-180801.jpg,6
/data_C2_2/6/C2_2-081801.jpg,6
/data_C2_2/6/C2_2-180501.jpg,6
/data_C2_2/6/C2_2-084701.jpg,6
/data_C2_2/6/C2_2-124903.jpg,6
/data_C2_2/6/C2_2-124201.jpg,6
/data_C2_2/6/C2_2-103002.jpg,6
/data_C2_2/6/C2_2-110502.jpg,6
/data_C2_2/6/C2_2-185302.jpg,6
/data_C2_2/6/C2_2-112702.jpg,6
/data_C2_2/6/C2_2-094003.jpg,6
/data_C2_2/6/C2_2-111102.jpg,6
/data_C2_2/6/C2_2-082701.jpg,6
/data_C2_2/6/C2_2-124102.jpg,6
/data_C2_2/6/C2_2-170102.jpg,6
/data_C2_2/6/C2_2-153403.jpg,6
/data_C2_2/6/C2_2-095202.jpg,6
/data_C2_2/6/C2_2-080602.jpg,6
/data_C2_2/6/C2_2-090601.jpg,6
/data_C2_2/6/C2_2-142202.jpg,6
/data_C2_2/6/C2_2-151301.jpg,6
/data_C2_2/6/C2_2-091102.jpg,6
/data_C2_2/6/C2_2-155403.jpg,6
/data_C2_2/6/C2_2-181401.jpg,6
/data_C2_2/6/C2_2-170402.jpg,6
/data_C2_2/6/C2_2-085302.jpg,6
/data_C2_2/6/C2_2-082002.jpg,6
/data_C2_2/6/C2_2-092502.jpg,6
/data_C2_2/6/C2_2-083202.jpg,6
/data_C2_2/6/C2_2-092902.jpg,6
/data_C2_2/6/C2_2-100201.jpg,6
/data_C2_2/6/C2_2-140402.jpg,6
/data_C2_2/6/C2_2-095701.jpg,6
/data_C2_2/6/C2_2-090202.jpg,6
/data_C2_2/6/C2_2-120201.jpg,6
/data_C2_2/6/C2_2-105501.jpg,6
/data_C2_2/6/C2_2-095802.jpg,6
/data_C2_2/6/C2_2-133902.jpg,6
/data_C2_2/6/C2_2-092101.jpg,6
/data_C2_2/6/C2_2-155101.jpg,6
/data_C2_2/6/C2_2-160902.jpg,6
/data_C2_2/6/C2_2-173402.jpg,6
/data_C2_2/6/C2_2-080201.jpg,6
/data_C2_2/6/C2_2-174102.jpg,6
/data_C2_2/6/C2_2-122401.jpg,6
/data_C2_2/6/C2_2-192603.jpg,6
/data_C2_2/6/C2_2-083502.jpg,6
/data_C2_2/6/C2_2-121102.jpg,6
/data_C2_2/6/C2_2-084702.jpg,6
/data_C2_2/6/C2_2-094001.jpg,6
/data_C2_2/6/C2_2-083702.jpg,6
/data_C2_2/6/C2_2-165002.jpg,6
/data_C2_2/6/C2_2-083301.jpg,6
/data_C2_2/6/C2_2-175902.jpg,6
/data_C2_2/6/C2_2-124601.jpg,6
/data_C2_2/6/C2_2-181301.jpg,6
/data_C2_2/6/C2_2-112302.jpg,6
/data_C2_2/6/C2_2-083801.jpg,6
/data_C2_2/6/C2_2-082602.jpg,6
/data_C2_2/6/C2_2-082301.jpg,6
/data_C2_2/6/C2_2-122202.jpg,6
/data_C2_2/6/C2_2-112602.jpg,6
/data_C2_2/6/C2_2-184401.jpg,6
/data_C2_2/6/C2_2-100702.jpg,6
/data_C2_2/6/C2_2-121503.jpg,6
/data_C2_2/6/C2_2-113502.jpg,6
/data_C2_2/6/C2_2-103001.jpg,6
/data_C2_2/6/C2_2-152102.jpg,6
/data_C2_2/6/C2_2-101602.jpg,6
/data_C2_2/6/C2_2-114002.jpg,6
/data_C2_2/6/C2_2-090501.jpg,6
/data_C2_2/6/C2_2-103801.jpg,6
/data_C2_2/6/C2_2-143902.jpg,6
/data_C2_2/6/C2_2-162401.jpg,6
/data_C2_2/6/C2_2-161802.jpg,6
/data_C2_2/6/C2_2-083201.jpg,6
/data_C2_2/6/C2_2-190202.jpg,6
/data_C2_2/6/C2_2-173101.jpg,6
/data_C2_2/6/C2_2-170101.jpg,6
/data_C2_2/6/C2_2-101802.jpg,6
/data_C2_2/6/C2_2-144402.jpg,6
/data_C2_2/6/C2_2-091902.jpg,6
/data_C2_2/6/C2_2-190702.jpg,6
/data_C2_2/6/C2_2-095102.jpg,6
/data_C2_2/6/C2_2-115802.jpg,6
/data_C2_2/6/C2_2-082201.jpg,6
/data_C2_2/6/C2_2-115902.jpg,6
/data_C2_2/6/C2_2-135202.jpg,6
/data_C2_2/6/C2_2-152202.jpg,6
/data_C2_2/6/C2_2-092702.jpg,6
/data_C2_2/6/C2_2-082102.jpg,6
/data_C2_2/6/C2_2-144701.jpg,6
/data_C2_2/6/C2_2-183202.jpg,6
/data_C2_2/6/C2_2-082601.jpg,6
/data_C2_2/6/C2_2-091402.jpg,6
/data_C2_2/6/C2_2-185902.jpg,6
/data_C2_2/6/C2_2-190002.jpg,6
/data_C2_2/6/C2_2-112201.jpg,6
/data_C2_2/6/C2_2-110302.jpg,6
/data_C2_2/6/C2_2-084501.jpg,6
/data_C2_2/6/C2_2-110201.jpg,6
/data_C2_2/6/C2_2-092201.jpg,6
/data_C2_2/6/C2_2-091602.jpg,6
/data_C2_2/6/C2_2-080302.jpg,6
/data_C2_2/6/C2_2-092901.jpg,6
/data_C2_2/6/C2_2-173201.jpg,6
/data_C2_2/6/C2_2-122902.jpg,6
/data_C2_2/6/C2_2-084001.jpg,6
/data_C2_2/6/C2_2-170702.jpg,6
/data_C2_2/6/C2_2-122201.jpg,6
/data_C2_2/6/C2_2-102002.jpg,6
/data_C2_2/6/C2_2-162202.jpg,6
/data_C2_2/6/C2_2-081001.jpg,6
/data_C2_2/6/C2_2-094602.jpg,6
/data_C2_2/6/C2_2-100901.jpg,6
/data_C2_2/6/C2_2-101401.jpg,6
/data_C2_2/6/C2_2-103102.jpg,6
/data_C2_2/6/C2_2-125901.jpg,6
/data_C2_2/6/C2_2-102202.jpg,6
/data_C2_2/6/C2_2-171602.jpg,6
/data_C2_2/6/C2_2-144201.jpg,6
/data_C2_2/6/C2_2-083302.jpg,6
/data_C2_2/6/C2_2-094402.jpg,6
/data_C2_2/6/C2_2-123702.jpg,6
/data_C2_2/6/C2_2-192902.jpg,6
/data_C2_2/6/C2_2-100601.jpg,6
/data_C2_2/6/C2_2-102901.jpg,6
/data_C2_2/6/C2_2-165102.jpg,6
/data_C2_2/6/C2_2-080702.jpg,6
/data_C2_2/6/C2_2-093202.jpg,6
/data_C2_2/6/C2_2-080801.jpg,6
/data_C2_2/6/C2_2-163302.jpg,6
/data_C2_2/6/C2_2-114502.jpg,6
/data_C2_2/6/C2_2-162602.jpg,6
/data_C2_2/6/C2_2-171201.jpg,6
/data_C2_2/6/C2_2-094401.jpg,6
/data_C2_2/6/C2_2-125602.jpg,6
/data_C2_2/6/C2_2-091001.jpg,6
/data_C2_2/6/C2_2-121702.jpg,6
/data_C2_2/6/C2_2-175103.jpg,6
/data_C2_2/6/C2_2-171702.jpg,6
/data_C2_2/6/C2_2-133302.jpg,6
/data_C2_2/6/C2_2-185802.jpg,6
/data_C2_2/6/C2_2-154601.jpg,6
/data_C2_2/6/C2_2-175702.jpg,6
/data_C2_2/6/C2_2-101902.jpg,6
/data_C2_2/6/C2_2-151201.jpg,6
/data_C2_2/6/C2_2-182801.jpg,6
/data_C2_2/6/C2_2-124701.jpg,6
/data_C2_2/6/C2_2-123102.jpg,6
/data_C2_2/6/C2_2-084102.jpg,6
/data_C2_2/6/C2_2-084602.jpg,6
/data_C2_2/6/C2_2-174301.jpg,6
/data_C2_2/6/C2_2-092801.jpg,6
/data_C2_2/6/C2_2-085902.jpg,6
/data_C2_2/6/C2_2-095302.jpg,6
/data_C2_2/6/C2_2-173802.jpg,6
/data_C2_2/6/C2_2-093801.jpg,6
/data_C2_2/6/C2_2-093901.jpg,6
/data_C2_2/6/C2_2-081702.jpg,6
/data_C2_2/6/C2_2-184402.jpg,6
/data_C2_2/6/C2_2-183703.jpg,6
/data_C2_2/6/C2_2-124902.jpg,6
/data_C2_2/6/C2_2-102701.jpg,6
/data_C2_2/6/C2_2-163702.jpg,6
/data_C2_2/6/C2_2-170201.jpg,6
/data_C2_2/6/C2_2-113601.jpg,6
/data_C2_2/6/C2_2-080401.jpg,6
/data_C2_2/6/C2_2-084301.jpg,6
/data_C2_2/6/C2_2-174403.jpg,6
/data_C2_2/6/C2_2-191901.jpg,6
/data_C2_2/6/C2_2-192203.jpg,6
/data_C2_2/6/C2_2-082801.jpg,6
/data_C2_2/6/C2_2-100801.jpg,6
/data_C2_2/6/C2_2-173902.jpg,6
/data_C2_2/6/C2_2-175302.jpg,6
/data_C2_2/6/C2_2-131102.jpg,6
/data_C2_2/6/C2_2-182002.jpg,6
/data_C2_2/6/C2_2-091401.jpg,6
/data_C2_2/6/C2_2-175602.jpg,6
/data_C2_2/6/C2_2-115202.jpg,6
/data_C2_2/6/C2_2-191602.jpg,6
/data_C2_2/6/C2_2-160302.jpg,6
/data_C2_2/6/C2_2-085802.jpg,6
/data_C2_2/6/C2_2-081102.jpg,6
/data_C2_2/6/C2_2-080202.jpg,6
/data_C2_2/6/C2_2-102801.jpg,6
/data_C2_2/6/C2_2-150101.jpg,6
/data_C2_2/6/C2_2-114802.jpg,6
/data_C2_2/6/C2_2-095902.jpg,6
/data_C2_2/6/C2_2-183303.jpg,6
/data_C2_2/6/C2_2-091302.jpg,6
/data_C2_2/6/C2_2-090001.jpg,6
/data_C2_2/6/C2_2-094202.jpg,6
/data_C2_2/6/C2_2-120101.jpg,6
/data_C2_2/6/C2_2-081302.jpg,6
/data_C2_2/6/C2_2-124802.jpg,6
/data_C2_2/6/C2_2-164902.jpg,6
/data_C2_2/6/C2_2-090602.jpg,6
/data_C2_2/6/C2_2-104201.jpg,6
/data_C2_2/6/C2_2-190402.jpg,6
/data_C2_2/6/C2_2-171001.jpg,6
/data_C2_2/6/C2_2-090801.jpg,6
/data_C2_2/6/C2_2-175002.jpg,6
/data_C2_2/6/C2_2-100401.jpg,6
/data_C2_2/6/C2_2-093701.jpg,6
/data_C2_2/6/C2_2-125502.jpg,6
/data_C2_2/6/C2_2-110702.jpg,6
/data_C2_2/6/C2_2-180702.jpg,6
/data_C2_2/6/C2_2-192703.jpg,6
/data_C2_2/6/C2_2-171302.jpg,6
/data_C2_2/6/C2_2-180402.jpg,6
/data_C2_2/6/C2_2-104001.jpg,6
/data_C2_2/6/C2_2-123601.jpg,6
/data_C2_2/6/C2_2-082901.jpg,6
/data_C2_2/6/C2_2-165201.jpg,6
/data_C2_2/6/C2_2-103502.jpg,6
/data_C2_2/6/C2_2-150902.jpg,6
/data_C2_2/6/C2_2-081603.jpg,6
/data_C2_2/6/C2_2-110602.jpg,6
/data_C2_2/6/C2_2-101502.jpg,6
/data_C2_2/6/C2_2-122701.jpg,6
/data_C2_2/6/C2_2-112801.jpg,6
/data_C2_2/6/C2_2-172802.jpg,6
/data_C2_2/6/C2_2-093201.jpg,6
/data_C2_2/6/C2_2-102502.jpg,6
/data_C2_2/6/C2_2-123602.jpg,6
/data_C2_2/6/C2_2-091502.jpg,6
/data_C2_2/6/C2_2-190001.jpg,6
/data_C2_2/6/C2_2-085102.jpg,6
/data_C2_2/6/C2_2-145604.jpg,6
/data_C2_2/6/C2_2-161302.jpg,6
/data_C2_2/6/C2_2-183101.jpg,6
/data_C2_2/6/C2_2-130602.jpg,6
/data_C2_2/6/C2_2-100501.jpg,6
/data_C2_2/6/C2_2-082802.jpg,6
/data_C2_2/6/C2_2-085701.jpg,6
/data_C2_2/6/C2_2-095702.jpg,6
/data_C2_2/6/C2_2-180202.jpg,6
/data_C2_2/6/C2_2-093501.jpg,6
/data_C2_2/6/C2_2-110202.jpg,6
/data_C2_2/6/C2_2-103202.jpg,6
/data_C2_2/6/C2_2-142002.jpg,6
/data_C2_2/6/C2_2-123301.jpg,6
/data_C2_2/6/C2_2-081002.jpg,6
/data_C2_2/6/C2_2-093602.jpg,6
/data_C2_2/6/C2_2-113002.jpg,6
/data_C2_2/6/C2_2-162302.jpg,6
/data_C2_2/6/C2_2-082902.jpg,6
/data_C2_2/6/C2_2-102902.jpg,6
/data_C2_2/5/C2_2-151502.jpg,5
/data_C2_2/5/C2_2-164301.jpg,5
/data_C2_2/5/C2_2-154905.jpg,5
/data_C2_2/5/C2_2-103301.jpg,5
/data_C2_2/5/C2_2-151701.jpg,5
/data_C2_2/5/C2_2-095801.jpg,5
/data_C2_2/5/C2_2-135201.jpg,5
/data_C2_2/5/C2_2-165803.jpg,5
/data_C2_2/5/C2_2-130202.jpg,5
/data_C2_2/5/C2_2-115301.jpg,5
/data_C2_2/5/C2_2-135802.jpg,5
/data_C2_2/5/C2_2-101301.jpg,5
/data_C2_2/5/C2_2-125301.jpg,5
/data_C2_2/5/C2_2-152301.jpg,5
/data_C2_2/5/C2_2-174002.jpg,5
/data_C2_2/5/C2_2-084902.jpg,5
/data_C2_2/5/C2_2-121601.jpg,5
/data_C2_2/5/C2_2-153102.jpg,5
/data_C2_2/5/C2_2-141602.jpg,5
/data_C2_2/5/C2_2-164102.jpg,5
/data_C2_2/5/C2_2-132501.jpg,5
/data_C2_2/5/C2_2-125102.jpg,5
/data_C2_2/5/C2_2-125601.jpg,5
/data_C2_2/5/C2_2-123201.jpg,5
/data_C2_2/5/C2_2-113201.jpg,5
/data_C2_2/5/C2_2-141802.jpg,5
/data_C2_2/5/C2_2-172202.jpg,5
/data_C2_2/5/C2_2-142401.jpg,5
/data_C2_2/5/C2_2-151002.jpg,5
/data_C2_2/5/C2_2-160701.jpg,5
/data_C2_2/5/C2_2-170501.jpg,5
/data_C2_2/5/C2_2-172101.jpg,5
/data_C2_2/5/C2_2-153601.jpg,5
/data_C2_2/5/C2_2-123101.jpg,5
/data_C2_2/5/C2_2-122102.jpg,5
/data_C2_2/5/C2_2-125101.jpg,5
/data_C2_2/5/C2_2-143601.jpg,5
/data_C2_2/5/C2_2-100300.jpg,5
/data_C2_2/5/C2_2-171502.jpg,5
/data_C2_2/5/C2_2-132102.jpg,5
/data_C2_2/5/C2_2-163701.jpg,5
/data_C2_2/5/C2_2-140701.jpg,5
/data_C2_2/5/C2_2-165403.jpg,5
/data_C2_2/5/C2_2-102402.jpg,5
/data_C2_2/5/C2_2-144101.jpg,5
/data_C2_2/5/C2_2-155201.jpg,5
/data_C2_2/5/C2_2-113301.jpg,5
/data_C2_2/5/C2_2-151702.jpg,5
/data_C2_2/5/C2_2-163501.jpg,5
/data_C2_2/5/C2_2-162402.jpg,5
/data_C2_2/5/C2_2-153301.jpg,5
/data_C2_2/5/C2_2-153503.jpg,5
/data_C2_2/5/C2_2-130901.jpg,5
/data_C2_2/5/C2_2-162802.jpg,5
/data_C2_2/5/C2_2-132601.jpg,5
/data_C2_2/5/C2_2-154201.jpg,5
/data_C2_2/5/C2_2-153602.jpg,5
/data_C2_2/5/C2_2-154900.jpg,5
/data_C2_2/5/C2_2-154801.jpg,5
/data_C2_2/5/C2_2-094002.jpg,5
/data_C2_2/5/C2_2-120002.jpg,5
/data_C2_2/5/C2_2-104801.jpg,5
/data_C2_2/5/C2_2-170801.jpg,5
/data_C2_2/5/C2_2-124801.jpg,5
/data_C2_2/5/C2_2-171202.jpg,5
/data_C2_2/5/C2_2-164302.jpg,5
/data_C2_2/5/C2_2-120501.jpg,5
/data_C2_2/5/C2_2-124302.jpg,5
/data_C2_2/5/C2_2-173502.jpg,5
/data_C2_2/5/C2_2-093702.jpg,5
/data_C2_2/5/C2_2-121602.jpg,5
/data_C2_2/5/C2_2-135501.jpg,5
/data_C2_2/5/C2_2-173702.jpg,5
/data_C2_2/5/C2_2-111202.jpg,5
/data_C2_2/5/C2_2-113901.jpg,5
/data_C2_2/5/C2_2-144301.jpg,5
/data_C2_2/5/C2_2-131001.jpg,5
/data_C2_2/5/C2_2-101801.jpg,5
/data_C2_2/5/C2_2-104102.jpg,5
/data_C2_2/5/C2_2-131201.jpg,5
/data_C2_2/5/C2_2-170503.jpg,5
/data_C2_2/5/C2_2-104901.jpg,5
/data_C2_2/5/C2_2-141901.jpg,5
/data_C2_2/5/C2_2-120401.jpg,5
/data_C2_2/5/C2_2-163202.jpg,5
/data_C2_2/5/C2_2-110102.jpg,5
/data_C2_2/5/C2_2-152001.jpg,5
/data_C2_2/5/C2_2-153100.jpg,5
/data_C2_2/5/C2_2-165701.jpg,5
/data_C2_2/5/C2_2-125501.jpg,5
/data_C2_2/5/C2_2-153402.jpg,5
/data_C2_2/5/C2_2-134101.jpg,5
/data_C2_2/5/C2_2-083001.jpg,5
/data_C2_2/5/C2_2-180002.jpg,5
/data_C2_2/5/C2_2-120601.jpg,5
/data_C2_2/5/C2_2-141402.jpg,5
/data_C2_2/5/C2_2-181901.jpg,5
/data_C2_2/5/C2_2-163002.jpg,5
/data_C2_2/5/C2_2-102302.jpg,5
/data_C2_2/5/C2_2-134301.jpg,5
/data_C2_2/5/C2_2-161301.jpg,5
/data_C2_2/5/C2_2-130501.jpg,5
/data_C2_2/5/C2_2-135001.jpg,5
/data_C2_2/5/C2_2-171902.jpg,5
/data_C2_2/5/C2_2-145001.jpg,5
/data_C2_2/5/C2_2-121301.jpg,5
/data_C2_2/5/C2_2-171401.jpg,5
/data_C2_2/5/C2_2-132101.jpg,5
/data_C2_2/5/C2_2-102602.jpg,5
/data_C2_2/5/C2_2-103901.jpg,5
/data_C2_2/5/C2_2-164202.jpg,5
/data_C2_2/5/C2_2-100301.jpg,5
/data_C2_2/5/C2_2-111701.jpg,5
/data_C2_2/5/C2_2-131002.jpg,5
/data_C2_2/5/C2_2-113401.jpg,5
/data_C2_2/5/C2_2-133002.jpg,5
/data_C2_2/5/C2_2-164602.jpg,5
/data_C2_2/5/C2_2-141902.jpg,5
/data_C2_2/5/C2_2-162501.jpg,5
/data_C2_2/5/C2_2-175501.jpg,5
/data_C2_2/5/C2_2-120802.jpg,5
/data_C2_2/5/C2_2-135301.jpg,5
/data_C2_2/5/C2_2-105301.jpg,5
/data_C2_2/5/C2_2-105001.jpg,5
/data_C2_2/5/C2_2-165301.jpg,5
/data_C2_2/5/C2_2-141302.jpg,5
/data_C2_2/5/C2_2-141101.jpg,5
/data_C2_2/5/C2_2-123501.jpg,5
/data_C2_2/5/C2_2-143201.jpg,5
/data_C2_2/5/C2_2-134901.jpg,5
/data_C2_2/5/C2_2-113001.jpg,5
/data_C2_2/5/C2_2-111702.jpg,5
/data_C2_2/5/C2_2-134302.jpg,5
/data_C2_2/5/C2_2-141001.jpg,5
/data_C2_2/5/C2_2-121002.jpg,5
/data_C2_2/5/C2_2-164002.jpg,5
/data_C2_2/5/C2_2-134801.jpg,5
/data_C2_2/5/C2_2-171101.jpg,5
/data_C2_2/5/C2_2-112101.jpg,5
/data_C2_2/5/C2_2-145502.jpg,5
/data_C2_2/5/C2_2-153002.jpg,5
/data_C2_2/5/C2_2-172402.jpg,5
/data_C2_2/5/C2_2-172801.jpg,5
/data_C2_2/5/C2_2-113501.jpg,5
/data_C2_2/5/C2_2-124002.jpg,5
/data_C2_2/5/C2_2-175202.jpg,5
/data_C2_2/5/C2_2-132301.jpg,5
/data_C2_2/5/C2_2-133101.jpg,5
/data_C2_2/5/C2_2-142101.jpg,5
/data_C2_2/5/C2_2-172901.jpg,5
/data_C2_2/5/C2_2-173302.jpg,5
/data_C2_2/5/C2_2-140001.jpg,5
/data_C2_2/5/C2_2-124501.jpg,5
/data_C2_2/5/C2_2-165902.jpg,5
/data_C2_2/5/C2_2-135401.jpg,5
/data_C2_2/5/C2_2-103501.jpg,5
/data_C2_2/5/C2_2-160202.jpg,5
/data_C2_2/5/C2_2-122002.jpg,5
/data_C2_2/5/C2_2-172501.jpg,5
/data_C2_2/5/C2_2-135901.jpg,5
/data_C2_2/5/C2_2-115701.jpg,5
/data_C2_2/5/C2_2-115001.jpg,5
/data_C2_2/5/C2_2-174501.jpg,5
/data_C2_2/5/C2_2-125001.jpg,5
/data_C2_2/5/C2_2-164802.jpg,5
/data_C2_2/5/C2_2-170901.jpg,5
/data_C2_2/5/C2_2-102301.jpg,5
/data_C2_2/5/C2_2-103602.jpg,5
/data_C2_2/5/C2_2-113903.jpg,5
/data_C2_2/5/C2_2-142602.jpg,5
/data_C2_2/5/C2_2-171802.jpg,5
/data_C2_2/5/C2_2-164702.jpg,5
/data_C2_2/5/C2_2-115501.jpg,5
/data_C2_2/5/C2_2-151202.jpg,5
/data_C2_2/5/C2_2-134502.jpg,5
/data_C2_2/5/C2_2-130001.jpg,5
/data_C2_2/5/C2_2-104501.jpg,5
/data_C2_2/5/C2_2-152302.jpg,5
/data_C2_2/5/C2_2-145102.jpg,5
/data_C2_2/5/C2_2-155602.jpg,5
/data_C2_2/5/C2_2-162502.jpg,5
/data_C2_2/5/C2_2-124202.jpg,5
/data_C2_2/5/C2_2-174702.jpg,5
/data_C2_2/5/C2_2-102201.jpg,5
/data_C2_2/5/C2_2-093502.jpg,5
/data_C2_2/5/C2_2-132201.jpg,5
/data_C2_2/5/C2_2-145801.jpg,5
/data_C2_2/5/C2_2-141102.jpg,5
/data_C2_2/5/C2_2-134902.jpg,5
/data_C2_2/5/C2_2-182102.jpg,5
/data_C2_2/5/C2_2-154302.jpg,5
/data_C2_2/5/C2_2-162601.jpg,5
/data_C2_2/5/C2_2-135602.jpg,5
/data_C2_2/5/C2_2-123801.jpg,5
/data_C2_2/5/C2_2-182802.jpg,5
/data_C2_2/5/C2_2-142902.jpg,5
/data_C2_2/5/C2_2-170502.jpg,5
/data_C2_2/5/C2_2-133601.jpg,5
/data_C2_2/5/C2_2-111301.jpg,5
/data_C2_2/5/C2_2-135502.jpg,5
/data_C2_2/5/C2_2-133201.jpg,5
/data_C2_2/5/C2_2-105401.jpg,5
/data_C2_2/5/C2_2-114402.jpg,5
/data_C2_2/5/C2_2-153702.jpg,5
/data_C2_2/5/C2_2-095402.jpg,5
/data_C2_2/5/C2_2-121101.jpg,5
/data_C2_2/5/C2_2-125902.jpg,5
/data_C2_2/5/C2_2-113101.jpg,5
/data_C2_2/5/C2_2-142702.jpg,5
/data_C2_2/5/C2_2-150602.jpg,5
/data_C2_2/5/C2_2-131902.jpg,5
/data_C2_2/5/C2_2-095600.jpg,5
/data_C2_2/5/C2_2-114301.jpg,5
/data_C2_2/5/C2_2-112102.jpg,5
/data_C2_2/5/C2_2-160602.jpg,5
/data_C2_2/5/C2_2-120402.jpg,5
/data_C2_2/5/C2_2-151901.jpg,5
/data_C2_2/5/C2_2-100701.jpg,5
/data_C2_2/5/C2_2-171002.jpg,5
/data_C2_2/5/C2_2-174001.jpg,5
/data_C2_2/5/C2_2-143001.jpg,5
/data_C2_2/5/C2_2-150002.jpg,5
/data_C2_2/5/C2_2-171102.jpg,5
/data_C2_2/5/C2_2-171203.jpg,5
/data_C2_2/5/C2_2-112202.jpg,5
/data_C2_2/5/C2_2-170202.jpg,5
/data_C2_2/5/C2_2-175301.jpg,5
/data_C2_2/5/C2_2-163602.jpg,5
/data_C2_2/5/C2_2-154702.jpg,5
/data_C2_2/5/C2_2-115101.jpg,5
/data_C2_2/5/C2_2-101501.jpg,5
/data_C2_2/5/C2_2-173002.jpg,5
/data_C2_2/5/C2_2-124702.jpg,5
/data_C2_2/5/C2_2-123202.jpg,5
/data_C2_2/5/C2_2-182302.jpg,5
/data_C2_2/5/C2_2-104701.jpg,5
/data_C2_2/5/C2_2-095201.jpg,5
/data_C2_2/5/C2_2-165302.jpg,5
/data_C2_2/5/C2_2-130601.jpg,5
/data_C2_2/5/C2_2-180801.jpg,5
/data_C2_2/5/C2_2-131702.jpg,5
/data_C2_2/5/C2_2-112501.jpg,5
/data_C2_2/5/C2_2-104603.jpg,5
/data_C2_2/5/C2_2-132702.jpg,5
/data_C2_2/5/C2_2-135101.jpg,5
/data_C2_2/5/C2_2-143701.jpg,5
/data_C2_2/5/C2_2-134102.jpg,5
/data_C2_2/5/C2_2-133901.jpg,5
/data_C2_2/5/C2_2-155801.jpg,5
/data_C2_2/5/C2_2-101002.jpg,5
/data_C2_2/5/C2_2-114801.jpg,5
/data_C2_2/5/C2_2-093402.jpg,5
/data_C2_2/5/C2_2-131501.jpg,5
/data_C2_2/5/C2_2-165103.jpg,5
/data_C2_2/5/C2_2-180501.jpg,5
/data_C2_2/5/C2_2-164101.jpg,5
/data_C2_2/5/C2_2-160702.jpg,5
/data_C2_2/5/C2_2-153401.jpg,5
/data_C2_2/5/C2_2-160601.jpg,5
/data_C2_2/5/C2_2-135102.jpg,5
/data_C2_2/5/C2_2-123802.jpg,5
/data_C2_2/5/C2_2-131402.jpg,5
/data_C2_2/5/C2_2-095502.jpg,5
/data_C2_2/5/C2_2-114001.jpg,5
/data_C2_2/5/C2_2-102802.jpg,5
/data_C2_2/5/C2_2-154102.jpg,5
/data_C2_2/5/C2_2-124201.jpg,5
/data_C2_2/5/C2_2-131401.jpg,5
/data_C2_2/5/C2_2-113602.jpg,5
/data_C2_2/5/C2_2-165802.jpg,5
/data_C2_2/5/C2_2-164502.jpg,5
/data_C2_2/5/C2_2-113902.jpg,5
/data_C2_2/5/C2_2-144001.jpg,5
/data_C2_2/5/C2_2-103002.jpg,5
/data_C2_2/5/C2_2-113702.jpg,5
/data_C2_2/5/C2_2-131101.jpg,5
/data_C2_2/5/C2_2-112702.jpg,5
/data_C2_2/5/C2_2-134702.jpg,5
/data_C2_2/5/C2_2-151501.jpg,5
/data_C2_2/5/C2_2-101702.jpg,5
/data_C2_2/5/C2_2-082701.jpg,5
/data_C2_2/5/C2_2-140002.jpg,5
/data_C2_2/5/C2_2-124102.jpg,5
/data_C2_2/5/C2_2-163902.jpg,5
/data_C2_2/5/C2_2-170102.jpg,5
/data_C2_2/5/C2_2-122703.jpg,5
/data_C2_2/5/C2_2-172401.jpg,5
/data_C2_2/5/C2_2-102401.jpg,5
/data_C2_2/5/C2_2-154001.jpg,5
/data_C2_2/5/C2_2-105801.jpg,5
/data_C2_2/5/C2_2-104002.jpg,5
/data_C2_2/5/C2_2-142202.jpg,5
/data_C2_2/5/C2_2-151301.jpg,5
/data_C2_2/5/C2_2-121801.jpg,5
/data_C2_2/5/C2_2-170902.jpg,5
/data_C2_2/5/C2_2-165503.jpg,5
/data_C2_2/5/C2_2-152101.jpg,5
/data_C2_2/5/C2_2-120001.jpg,5
/data_C2_2/5/C2_2-125302.jpg,5
/data_C2_2/5/C2_2-165702.jpg,5
/data_C2_2/5/C2_2-171402.jpg,5
/data_C2_2/5/C2_2-161403.jpg,5
/data_C2_2/5/C2_2-145701.jpg,5
/data_C2_2/5/C2_2-163103.jpg,5
/data_C2_2/5/C2_2-133501.jpg,5
/data_C2_2/5/C2_2-132701.jpg,5
/data_C2_2/5/C2_2-101102.jpg,5
/data_C2_2/5/C2_2-143401.jpg,5
/data_C2_2/5/C2_2-182501.jpg,5
/data_C2_2/5/C2_2-163503.jpg,5
/data_C2_2/5/C2_2-155601.jpg,5
/data_C2_2/5/C2_2-181401.jpg,5
/data_C2_2/5/C2_2-115601.jpg,5
/data_C2_2/5/C2_2-172201.jpg,5
/data_C2_2/5/C2_2-153802.jpg,5
/data_C2_2/5/C2_2-161502.jpg,5
/data_C2_2/5/C2_2-170402.jpg,5
/data_C2_2/5/C2_2-182001.jpg,5
/data_C2_2/5/C2_2-130401.jpg,5
/data_C2_2/5/C2_2-144702.jpg,5
/data_C2_2/5/C2_2-145901.jpg,5
/data_C2_2/5/C2_2-153801.jpg,5
/data_C2_2/5/C2_2-114101.jpg,5
/data_C2_2/5/C2_2-141202.jpg,5
/data_C2_2/5/C2_2-154602.jpg,5
/data_C2_2/5/C2_2-155001.jpg,5
/data_C2_2/5/C2_2-175802.jpg,5
/data_C2_2/5/C2_2-112803.jpg,5
/data_C2_2/5/C2_2-160801.jpg,5
/data_C2_2/5/C2_2-115203.jpg,5
/data_C2_2/5/C2_2-160101.jpg,5
/data_C2_2/5/C2_2-164003.jpg,5
/data_C2_2/5/C2_2-131801.jpg,5
/data_C2_2/5/C2_2-135002.jpg,5
/data_C2_2/5/C2_2-163102.jpg,5
/data_C2_2/5/C2_2-092902.jpg,5
/data_C2_2/5/C2_2-111501.jpg,5
/data_C2_2/5/C2_2-100201.jpg,5
/data_C2_2/5/C2_2-140402.jpg,5
/data_C2_2/5/C2_2-095701.jpg,5
/data_C2_2/5/C2_2-125401.jpg,5
/data_C2_2/5/C2_2-153502.jpg,5
/data_C2_2/5/C2_2-160002.jpg,5
/data_C2_2/5/C2_2-153001.jpg,5
/data_C2_2/5/C2_2-161702.jpg,5
/data_C2_2/5/C2_2-160401.jpg,5
/data_C2_2/5/C2_2-172602.jpg,5
/data_C2_2/5/C2_2-165402.jpg,5
/data_C2_2/5/C2_2-150901.jpg,5
/data_C2_2/5/C2_2-114201.jpg,5
/data_C2_2/5/C2_2-114601.jpg,5
/data_C2_2/5/C2_2-130302.jpg,5
/data_C2_2/5/C2_2-105501.jpg,5
/data_C2_2/5/C2_2-083102.jpg,5
/data_C2_2/5/C2_2-133602.jpg,5
/data_C2_2/5/C2_2-133902.jpg,5
/data_C2_2/5/C2_2-133603.jpg,5
/data_C2_2/5/C2_2-162902.jpg,5
/data_C2_2/5/C2_2-155101.jpg,5
/data_C2_2/5/C2_2-120602.jpg,5
/data_C2_2/5/C2_2-140102.jpg,5
/data_C2_2/5/C2_2-161202.jpg,5
/data_C2_2/5/C2_2-153202.jpg,5
/data_C2_2/5/C2_2-102702.jpg,5
/data_C2_2/5/C2_2-160902.jpg,5
/data_C2_2/5/C2_2-144802.jpg,5
/data_C2_2/5/C2_2-173402.jpg,5
/data_C2_2/5/C2_2-142103.jpg,5
/data_C2_2/5/C2_2-174102.jpg,5
/data_C2_2/5/C2_2-122401.jpg,5
/data_C2_2/5/C2_2-141201.jpg,5
/data_C2_2/5/C2_2-150801.jpg,5
/data_C2_2/5/C2_2-154402.jpg,5
/data_C2_2/5/C2_2-151601.jpg,5
/data_C2_2/5/C2_2-100600.jpg,5
/data_C2_2/5/C2_2-083502.jpg,5
/data_C2_2/5/C2_2-134001.jpg,5
/data_C2_2/5/C2_2-174402.jpg,5
/data_C2_2/5/C2_2-172503.jpg,5
/data_C2_2/5/C2_2-122402.jpg,5
/data_C2_2/5/C2_2-121302.jpg,5
/data_C2_2/5/C2_2-123901.jpg,5
/data_C2_2/5/C2_2-152900.jpg,5
/data_C2_2/5/C2_2-143102.jpg,5
/data_C2_2/5/C2_2-125801.jpg,5
/data_C2_2/5/C2_2-103402.jpg,5
/data_C2_2/5/C2_2-121502.jpg,5
/data_C2_2/5/C2_2-140802.jpg,5
/data_C2_2/5/C2_2-083301.jpg,5
/data_C2_2/5/C2_2-172803.jpg,5
/data_C2_2/5/C2_2-151602.jpg,5
/data_C2_2/5/C2_2-165901.jpg,5
/data_C2_2/5/C2_2-163201.jpg,5
/data_C2_2/5/C2_2-143802.jpg,5
/data_C2_2/5/C2_2-172301.jpg,5
/data_C2_2/5/C2_2-133402.jpg,5
/data_C2_2/5/C2_2-123001.jpg,5
/data_C2_2/5/C2_2-122602.jpg,5
/data_C2_2/5/C2_2-132802.jpg,5
/data_C2_2/5/C2_2-145302.jpg,5
/data_C2_2/5/C2_2-160501.jpg,5
/data_C2_2/5/C2_2-150401.jpg,5
/data_C2_2/5/C2_2-171601.jpg,5
/data_C2_2/5/C2_2-143501.jpg,5
/data_C2_2/5/C2_2-120202.jpg,5
/data_C2_2/5/C2_2-171801.jpg,5
/data_C2_2/5/C2_2-155701.jpg,5
/data_C2_2/5/C2_2-155401.jpg,5
/data_C2_2/5/C2_2-122202.jpg,5
/data_C2_2/5/C2_2-142303.jpg,5
/data_C2_2/5/C2_2-142502.jpg,5
/data_C2_2/5/C2_2-122702.jpg,5
/data_C2_2/5/C2_2-095901.jpg,5
/data_C2_2/5/C2_2-130301.jpg,5
/data_C2_2/5/C2_2-093802.jpg,5
/data_C2_2/5/C2_2-100702.jpg,5
/data_C2_2/5/C2_2-171501.jpg,5
/data_C2_2/5/C2_2-174202.jpg,5
/data_C2_2/5/C2_2-103401.jpg,5
/data_C2_2/5/C2_2-130801.jpg,5
/data_C2_2/5/C2_2-140801.jpg,5
/data_C2_2/5/C2_2-155002.jpg,5
/data_C2_2/5/C2_2-180302.jpg,5
/data_C2_2/5/C2_2-121701.jpg,5
/data_C2_2/5/C2_2-140201.jpg,5
/data_C2_2/5/C2_2-142901.jpg,5
/data_C2_2/5/C2_2-151302.jpg,5
/data_C2_2/5/C2_2-142402.jpg,5
/data_C2_2/5/C2_2-152102.jpg,5
/data_C2_2/5/C2_2-150701.jpg,5
/data_C2_2/5/C2_2-150102.jpg,5
/data_C2_2/5/C2_2-101602.jpg,5
/data_C2_2/5/C2_2-114002.jpg,5
/data_C2_2/5/C2_2-152601.jpg,5
/data_C2_2/5/C2_2-103801.jpg,5
/data_C2_2/5/C2_2-114102.jpg,5
/data_C2_2/5/C2_2-101901.jpg,5
/data_C2_2/5/C2_2-100200.jpg,5
/data_C2_2/5/C2_2-161501.jpg,5
/data_C2_2/5/C2_2-100001.jpg,5
/data_C2_2/5/C2_2-140101.jpg,5
/data_C2_2/5/C2_2-131802.jpg,5
/data_C2_2/5/C2_2-115103.jpg,5
/data_C2_2/5/C2_2-174802.jpg,5
/data_C2_2/5/C2_2-161802.jpg,5
/data_C2_2/5/C2_2-134201.jpg,5
/data_C2_2/5/C2_2-173101.jpg,5
/data_C2_2/5/C2_2-101201.jpg,5
/data_C2_2/5/C2_2-095602.jpg,5
/data_C2_2/5/C2_2-121902.jpg,5
/data_C2_2/5/C2_2-170101.jpg,5
/data_C2_2/5/C2_2-101802.jpg,5
/data_C2_2/5/C2_2-171503.jpg,5
/data_C2_2/5/C2_2-144402.jpg,5
/data_C2_2/5/C2_2-123401.jpg,5
/data_C2_2/5/C2_2-124402.jpg,5
/data_C2_2/5/C2_2-100002.jpg,5
/data_C2_2/5/C2_2-175801.jpg,5
/data_C2_2/5/C2_2-095102.jpg,5
/data_C2_2/5/C2_2-115802.jpg,5
/data_C2_2/5/C2_2-100101.jpg,5
/data_C2_2/5/C2_2-095500.jpg,5
/data_C2_2/5/C2_2-132602.jpg,5
/data_C2_2/5/C2_2-141501.jpg,5
/data_C2_2/5/C2_2-142501.jpg,5
/data_C2_2/5/C2_2-135302.jpg,5
/data_C2_2/5/C2_2-115902.jpg,5
/data_C2_2/5/C2_2-100802.jpg,5
/data_C2_2/5/C2_2-162102.jpg,5
/data_C2_2/5/C2_2-153701.jpg,5
/data_C2_2/5/C2_2-154101.jpg,5
/data_C2_2/5/C2_2-153501.jpg,5
/data_C2_2/5/C2_2-134202.jpg,5
/data_C2_2/5/C2_2-164801.jpg,5
/data_C2_2/5/C2_2-144102.jpg,5
/data_C2_2/5/C2_2-135202.jpg,5
/data_C2_2/5/C2_2-112901.jpg,5
/data_C2_2/5/C2_2-174201.jpg,5
/data_C2_2/5/C2_2-152202.jpg,5
/data_C2_2/5/C2_2-102101.jpg,5
/data_C2_2/5/C2_2-145601.jpg,5
/data_C2_2/5/C2_2-132202.jpg,5
/data_C2_2/5/C2_2-095700.jpg,5
/data_C2_2/5/C2_2-124401.jpg,5
/data_C2_2/5/C2_2-144701.jpg,5
/data_C2_2/5/C2_2-155102.jpg,5
/data_C2_2/5/C2_2-163801.jpg,5
/data_C2_2/5/C2_2-152901.jpg,5
/data_C2_2/5/C2_2-162201.jpg,5
/data_C2_2/5/C2_2-170302.jpg,5
/data_C2_2/5/C2_2-170002.jpg,5
/data_C2_2/5/C2_2-102102.jpg,5
/data_C2_2/5/C2_2-114701.jpg,5
/data_C2_2/5/C2_2-112201.jpg,5
/data_C2_2/5/C2_2-135402.jpg,5
/data_C2_2/5/C2_2-181602.jpg,5
/data_C2_2/5/C2_2-150001.jpg,5
/data_C2_2/5/C2_2-142701.jpg,5
/data_C2_2/5/C2_2-132401.jpg,5
/data_C2_2/5/C2_2-125702.jpg,5
/data_C2_2/5/C2_2-170103.jpg,5
/data_C2_2/5/C2_2-164402.jpg,5
/data_C2_2/5/C2_2-142201.jpg,5
/data_C2_2/5/C2_2-155402.jpg,5
/data_C2_2/5/C2_2-110201.jpg,5
/data_C2_2/5/C2_2-145202.jpg,5
/data_C2_2/5/C2_2-113801.jpg,5
/data_C2_2/5/C2_2-134402.jpg,5
/data_C2_2/5/C2_2-145501.jpg,5
/data_C2_2/5/C2_2-150301.jpg,5
/data_C2_2/5/C2_2-152701.jpg,5
/data_C2_2/5/C2_2-152002.jpg,5
/data_C2_2/5/C2_2-151102.jpg,5
/data_C2_2/5/C2_2-120502.jpg,5
/data_C2_2/5/C2_2-125201.jpg,5
/data_C2_2/5/C2_2-135503.jpg,5
/data_C2_2/5/C2_2-105201.jpg,5
/data_C2_2/5/C2_2-173201.jpg,5
/data_C2_2/5/C2_2-133202.jpg,5
/data_C2_2/5/C2_2-100700.jpg,5
/data_C2_2/5/C2_2-122902.jpg,5
/data_C2_2/5/C2_2-113802.jpg,5
/data_C2_2/5/C2_2-084401.jpg,5
/data_C2_2/5/C2_2-170702.jpg,5
/data_C2_2/5/C2_2-133103.jpg,5
/data_C2_2/5/C2_2-110001.jpg,5
/data_C2_2/5/C2_2-100500.jpg,5
/data_C2_2/5/C2_2-111101.jpg,5
/data_C2_2/5/C2_2-132003.jpg,5
/data_C2_2/5/C2_2-122201.jpg,5
/data_C2_2/5/C2_2-102002.jpg,5
/data_C2_2/5/C2_2-110101.jpg,5
/data_C2_2/5/C2_2-122801.jpg,5
/data_C2_2/5/C2_2-162202.jpg,5
/data_C2_2/5/C2_2-172102.jpg,5
/data_C2_2/5/C2_2-115201.jpg,5
/data_C2_2/5/C2_2-113102.jpg,5
/data_C2_2/5/C2_2-154003.jpg,5
/data_C2_2/5/C2_2-161102.jpg,5
/data_C2_2/5/C2_2-153901.jpg,5
/data_C2_2/5/C2_2-130702.jpg,5
/data_C2_2/5/C2_2-101202.jpg,5
/data_C2_2/5/C2_2-165501.jpg,5
/data_C2_2/5/C2_2-101601.jpg,5
/data_C2_2/5/C2_2-152902.jpg,5
/data_C2_2/5/C2_2-100901.jpg,5
/data_C2_2/5/C2_2-140601.jpg,5
/data_C2_2/5/C2_2-101401.jpg,5
/data_C2_2/5/C2_2-103102.jpg,5
/data_C2_2/5/C2_2-125901.jpg,5
/data_C2_2/5/C2_2-180902.jpg,5
/data_C2_2/5/C2_2-163001.jpg,5
/data_C2_2/5/C2_2-124301.jpg,5
/data_C2_2/5/C2_2-145902.jpg,5
/data_C2_2/5/C2_2-170802.jpg,5
/data_C2_2/5/C2_2-141601.jpg,5
/data_C2_2/5/C2_2-102202.jpg,5
/data_C2_2/5/C2_2-171602.jpg,5
/data_C2_2/5/C2_2-154301.jpg,5
/data_C2_2/5/C2_2-115302.jpg,5
/data_C2_2/5/C2_2-144201.jpg,5
/data_C2_2/5/C2_2-122301.jpg,5
/data_C2_2/5/C2_2-160802.jpg,5
/data_C2_2/5/C2_2-104301.jpg,5
/data_C2_2/5/C2_2-145201.jpg,5
/data_C2_2/5/C2_2-142801.jpg,5
/data_C2_2/5/C2_2-164401.jpg,5
/data_C2_2/5/C2_2-121501.jpg,5
/data_C2_2/5/C2_2-122802.jpg,5
/data_C2_2/5/C2_2-152801.jpg,5
/data_C2_2/5/C2_2-150501.jpg,5
/data_C2_2/5/C2_2-173602.jpg,5
/data_C2_2/5/C2_2-164601.jpg,5
/data_C2_2/5/C2_2-130002.jpg,5
/data_C2_2/5/C2_2-095400.jpg,5
/data_C2_2/5/C2_2-123702.jpg,5
/data_C2_2/5/C2_2-135701.jpg,5
/data_C2_2/5/C2_2-142802.jpg,5
/data_C2_2/5/C2_2-151401.jpg,5
/data_C2_2/5/C2_2-134002.jpg,5
/data_C2_2/5/C2_2-100601.jpg,5
/data_C2_2/5/C2_2-105101.jpg,5
/data_C2_2/5/C2_2-165102.jpg,5
/data_C2_2/5/C2_2-155902.jpg,5
/data_C2_2/5/C2_2-160301.jpg,5
/data_C2_2/5/C2_2-153902.jpg,5
/data_C2_2/5/C2_2-093202.jpg,5
/data_C2_2/5/C2_2-142601.jpg,5
/data_C2_2/5/C2_2-163302.jpg,5
/data_C2_2/5/C2_2-150201.jpg,5
/data_C2_2/5/C2_2-171701.jpg,5
/data_C2_2/5/C2_2-114502.jpg,5
/data_C2_2/5/C2_2-130902.jpg,5
/data_C2_2/5/C2_2-154401.jpg,5
/data_C2_2/5/C2_2-130802.jpg,5
/data_C2_2/5/C2_2-151802.jpg,5
/data_C2_2/5/C2_2-111902.jpg,5
/data_C2_2/5/C2_2-162602.jpg,5
/data_C2_2/5/C2_2-145101.jpg,5
/data_C2_2/5/C2_2-153703.jpg,5
/data_C2_2/5/C2_2-140501.jpg,5
/data_C2_2/5/C2_2-143301.jpg,5
/data_C2_2/5/C2_2-154502.jpg,5
/data_C2_2/5/C2_2-093902.jpg,5
/data_C2_2/5/C2_2-140302.jpg,5
/data_C2_2/5/C2_2-125602.jpg,5
/data_C2_2/5/C2_2-143602.jpg,5
/data_C2_2/5/C2_2-170001.jpg,5
/data_C2_2/5/C2_2-181202.jpg,5
/data_C2_2/5/C2_2-154901.jpg,5
/data_C2_2/5/C2_2-130201.jpg,5
/data_C2_2/5/C2_2-120301.jpg,5
/data_C2_2/5/C2_2-084502.jpg,5
/data_C2_2/5/C2_2-171702.jpg,5
/data_C2_2/5/C2_2-133302.jpg,5
/data_C2_2/5/C2_2-154601.jpg,5
/data_C2_2/5/C2_2-175702.jpg,5
/data_C2_2/5/C2_2-101902.jpg,5
/data_C2_2/5/C2_2-151101.jpg,5
/data_C2_2/5/C2_2-151201.jpg,5
/data_C2_2/5/C2_2-141701.jpg,5
/data_C2_2/5/C2_2-121201.jpg,5
/data_C2_2/5/C2_2-164501.jpg,5
/data_C2_2/5/C2_2-122302.jpg,5
/data_C2_2/5/C2_2-141801.jpg,5
/data_C2_2/5/C2_2-124701.jpg,5
/data_C2_2/5/C2_2-172003.jpg,5
/data_C2_2/5/C2_2-165602.jpg,5
/data_C2_2/5/C2_2-155302.jpg,5
/data_C2_2/5/C2_2-114903.jpg,5
/data_C2_2/5/C2_2-112402.jpg,5
/data_C2_2/5/C2_2-155702.jpg,5
/data_C2_2/5/C2_2-135601.jpg,5
/data_C2_2/5/C2_2-173601.jpg,5
/data_C2_2/5/C2_2-140602.jpg,5
/data_C2_2/5/C2_2-092801.jpg,5
/data_C2_2/5/C2_2-104601.jpg,5
/data_C2_2/5/C2_2-161902.jpg,5
/data_C2_2/5/C2_2-095302.jpg,5
/data_C2_2/5/C2_2-162702.jpg,5
/data_C2_2/5/C2_2-133701.jpg,5
/data_C2_2/5/C2_2-124502.jpg,5
/data_C2_2/5/C2_2-165202.jpg,5
/data_C2_2/5/C2_2-173801.jpg,5
/data_C2_2/5/C2_2-114501.jpg,5
/data_C2_2/5/C2_2-172702.jpg,5
/data_C2_2/5/C2_2-124902.jpg,5
/data_C2_2/5/C2_2-102701.jpg,5
/data_C2_2/5/C2_2-163702.jpg,5
/data_C2_2/5/C2_2-144801.jpg,5
/data_C2_2/5/C2_2-113601.jpg,5
/data_C2_2/5/C2_2-131301.jpg,5
/data_C2_2/5/C2_2-175601.jpg,5
/data_C2_2/5/C2_2-140702.jpg,5
/data_C2_2/5/C2_2-141401.jpg,5
/data_C2_2/5/C2_2-172502.jpg,5
/data_C2_2/5/C2_2-133802.jpg,5
/data_C2_2/5/C2_2-123902.jpg,5
/data_C2_2/5/C2_2-143202.jpg,5
/data_C2_2/5/C2_2-132902.jpg,5
/data_C2_2/5/C2_2-100801.jpg,5
/data_C2_2/5/C2_2-173902.jpg,5
/data_C2_2/5/C2_2-155502.jpg,5
/data_C2_2/5/C2_2-134401.jpg,5
/data_C2_2/5/C2_2-132001.jpg,5
/data_C2_2/5/C2_2-155501.jpg,5
/data_C2_2/5/C2_2-114602.jpg,5
/data_C2_2/5/C2_2-103702.jpg,5
/data_C2_2/5/C2_2-165001.jpg,5
/data_C2_2/5/C2_2-175302.jpg,5
/data_C2_2/5/C2_2-114401.jpg,5
/data_C2_2/5/C2_2-131102.jpg,5
/data_C2_2/5/C2_2-160402.jpg,5
/data_C2_2/5/C2_2-164703.jpg,5
/data_C2_2/5/C2_2-134203.jpg,5
/data_C2_2/5/C2_2-111703.jpg,5
/data_C2_2/5/C2_2-124602.jpg,5
/data_C2_2/5/C2_2-160201.jpg,5
/data_C2_2/5/C2_2-150601.jpg,5
/data_C2_2/5/C2_2-160302.jpg,5
/data_C2_2/5/C2_2-151001.jpg,5
/data_C2_2/5/C2_2-121001.jpg,5
/data_C2_2/5/C2_2-101000.jpg,5
/data_C2_2/5/C2_2-163802.jpg,5
/data_C2_2/5/C2_2-102801.jpg,5
/data_C2_2/5/C2_2-143901.jpg,5
/data_C2_2/5/C2_2-170203.jpg,5
/data_C2_2/5/C2_2-114901.jpg,5
/data_C2_2/5/C2_2-154002.jpg,5
/data_C2_2/5/C2_2-172001.jpg,5
/data_C2_2/5/C2_2-150101.jpg,5
/data_C2_2/5/C2_2-114802.jpg,5
/data_C2_2/5/C2_2-093302.jpg,5
/data_C2_2/5/C2_2-095902.jpg,5
/data_C2_2/5/C2_2-105701.jpg,5
/data_C2_2/5/C2_2-142102.jpg,5
/data_C2_2/5/C2_2-094102.jpg,5
/data_C2_2/5/C2_2-170602.jpg,5
/data_C2_2/5/C2_2-145002.jpg,5
/data_C2_2/5/C2_2-182701.jpg,5
/data_C2_2/5/C2_2-120101.jpg,5
/data_C2_2/5/C2_2-102001.jpg,5
/data_C2_2/5/C2_2-105601.jpg,5
/data_C2_2/5/C2_2-150402.jpg,5
/data_C2_2/5/C2_2-111201.jpg,5
/data_C2_2/5/C2_2-124802.jpg,5
/data_C2_2/5/C2_2-164902.jpg,5
/data_C2_2/5/C2_2-131502.jpg,5
/data_C2_2/5/C2_2-152602.jpg,5
/data_C2_2/5/C2_2-104201.jpg,5
/data_C2_2/5/C2_2-153302.jpg,5
/data_C2_2/5/C2_2-174902.jpg,5
/data_C2_2/5/C2_2-133401.jpg,5
/data_C2_2/5/C2_2-143101.jpg,5
/data_C2_2/5/C2_2-132402.jpg,5
/data_C2_2/5/C2_2-174302.jpg,5
/data_C2_2/5/C2_2-181502.jpg,5
/data_C2_2/5/C2_2-175002.jpg,5
/data_C2_2/5/C2_2-100401.jpg,5
/data_C2_2/5/C2_2-143801.jpg,5
/data_C2_2/5/C2_2-125502.jpg,5
/data_C2_2/5/C2_2-133001.jpg,5
/data_C2_2/5/C2_2-110702.jpg,5
/data_C2_2/5/C2_2-170301.jpg,5
/data_C2_2/5/C2_2-171302.jpg,5
/data_C2_2/5/C2_2-180402.jpg,5
/data_C2_2/5/C2_2-104001.jpg,5
/data_C2_2/5/C2_2-154902.jpg,5
/data_C2_2/5/C2_2-165101.jpg,5
/data_C2_2/5/C2_2-153903.jpg,5
/data_C2_2/5/C2_2-154701.jpg,5
/data_C2_2/5/C2_2-165201.jpg,5
/data_C2_2/5/C2_2-093001.jpg,5
/data_C2_2/5/C2_2-154202.jpg,5
/data_C2_2/5/C2_2-162002.jpg,5
/data_C2_2/5/C2_2-132801.jpg,5
/data_C2_2/5/C2_2-161402.jpg,5
/data_C2_2/5/C2_2-101502.jpg,5
/data_C2_2/5/C2_2-122701.jpg,5
/data_C2_2/5/C2_2-123302.jpg,5
/data_C2_2/5/C2_2-112801.jpg,5
/data_C2_2/5/C2_2-154501.jpg,5
/data_C2_2/5/C2_2-172802.jpg,5
/data_C2_2/5/C2_2-102502.jpg,5
/data_C2_2/5/C2_2-131202.jpg,5
/data_C2_2/5/C2_2-131003.jpg,5
/data_C2_2/5/C2_2-112601.jpg,5
/data_C2_2/5/C2_2-123602.jpg,5
/data_C2_2/5/C2_2-133702.jpg,5
/data_C2_2/5/C2_2-100900.jpg,5
/data_C2_2/5/C2_2-140401.jpg,5
/data_C2_2/5/C2_2-172703.jpg,5
/data_C2_2/5/C2_2-152401.jpg,5
/data_C2_2/5/C2_2-163101.jpg,5
/data_C2_2/5/C2_2-175201.jpg,5
/data_C2_2/5/C2_2-133801.jpg,5
/data_C2_2/5/C2_2-111801.jpg,5
/data_C2_2/5/C2_2-161302.jpg,5
/data_C2_2/5/C2_2-161903.jpg,5
/data_C2_2/5/C2_2-145401.jpg,5
/data_C2_2/5/C2_2-113701.jpg,5
/data_C2_2/5/C2_2-131701.jpg,5
/data_C2_2/5/C2_2-124403.jpg,5
/data_C2_2/5/C2_2-101101.jpg,5
/data_C2_2/5/C2_2-144502.jpg,5
/data_C2_2/5/C2_2-142001.jpg,5
/data_C2_2/5/C2_2-145702.jpg,5
/data_C2_2/5/C2_2-165502.jpg,5
/data_C2_2/5/C2_2-130602.jpg,5
/data_C2_2/5/C2_2-131901.jpg,5
/data_C2_2/5/C2_2-100501.jpg,5
/data_C2_2/5/C2_2-104101.jpg,5
/data_C2_2/5/C2_2-153201.jpg,5
/data_C2_2/5/C2_2-101701.jpg,5
/data_C2_2/5/C2_2-133502.jpg,5
/data_C2_2/5/C2_2-162801.jpg,5
/data_C2_2/5/C2_2-132901.jpg,5
/data_C2_2/5/C2_2-140202.jpg,5
/data_C2_2/5/C2_2-135801.jpg,5
/data_C2_2/5/C2_2-144401.jpg,5
/data_C2_2/5/C2_2-150202.jpg,5
/data_C2_2/5/C2_2-144501.jpg,5
/data_C2_2/5/C2_2-142301.jpg,5
/data_C2_2/5/C2_2-155803.jpg,5
/data_C2_2/5/C2_2-124101.jpg,5
/data_C2_2/5/C2_2-140901.jpg,5
/data_C2_2/5/C2_2-160102.jpg,5
/data_C2_2/5/C2_2-121802.jpg,5
/data_C2_2/5/C2_2-161101.jpg,5
/data_C2_2/5/C2_2-151801.jpg,5
/data_C2_2/5/C2_2-180202.jpg,5
/data_C2_2/5/C2_2-143302.jpg,5
/data_C2_2/5/C2_2-131602.jpg,5
/data_C2_2/5/C2_2-141301.jpg,5
/data_C2_2/5/C2_2-181802.jpg,5
/data_C2_2/5/C2_2-110202.jpg,5
/data_C2_2/5/C2_2-103202.jpg,5
/data_C2_2/5/C2_2-142002.jpg,5
/data_C2_2/5/C2_2-134601.jpg,5
/data_C2_2/5/C2_2-175102.jpg,5
/data_C2_2/5/C2_2-163402.jpg,5
/data_C2_2/5/C2_2-152501.jpg,5
/data_C2_2/5/C2_2-155301.jpg,5
/data_C2_2/5/C2_2-120901.jpg,5
/data_C2_2/5/C2_2-144901.jpg,5
/data_C2_2/5/C2_2-123301.jpg,5
/data_C2_2/5/C2_2-100902.jpg,5
/data_C2_2/5/C2_2-153101.jpg,5
/data_C2_2/5/C2_2-125701.jpg,5
/data_C2_2/5/C2_2-155100.jpg,5
/data_C2_2/5/C2_2-173301.jpg,5
/data_C2_2/5/C2_2-095002.jpg,5
/data_C2_2/5/C2_2-113002.jpg,5
/data_C2_2/5/C2_2-104401.jpg,5
/data_C2_2/5/C2_2-174602.jpg,5
/data_C2_2/5/C2_2-141502.jpg,5
/data_C2_2/5/C2_2-120902.jpg,5
/data_C2_2/5/C2_2-105901.jpg,5
/data_C2_2/5/C2_2-102902.jpg,5
/data_C2_2/5/C2_2-122501.jpg,5
/data_C2_2/5/C2_2-134701.jpg,5
/data_C2_2/5/C2_2-133301.jpg,5
/data_C2_2/5/C2_2-114302.jpg,5
/data_C2_2/5/C2_2-144002.jpg,5
/data_C2_2/3/C2_2-103301.jpg,3
/data_C2_2/3/C2_2-183302.jpg,3
/data_C2_2/3/C2_2-101301.jpg,3
/data_C2_2/3/C2_2-181001.jpg,3
/data_C2_2/3/C2_2-181302.jpg,3
/data_C2_2/3/C2_2-181101.jpg,3
/data_C2_2/3/C2_2-181701.jpg,3
/data_C2_2/3/C2_2-175401.jpg,3
/data_C2_2/3/C2_2-181102.jpg,3
/data_C2_2/3/C2_2-184103.jpg,3
/data_C2_2/3/C2_2-180901.jpg,3
/data_C2_2/3/C2_2-192202.jpg,3
/data_C2_2/3/C2_2-094901.jpg,3
/data_C2_2/3/C2_2-191502.jpg,3
/data_C2_2/3/C2_2-183001.jpg,3
/data_C2_2/3/C2_2-190502.jpg,3
/data_C2_2/3/C2_2-094002.jpg,3
/data_C2_2/3/C2_2-093601.jpg,3
/data_C2_2/3/C2_2-104801.jpg,3
/data_C2_2/3/C2_2-192602.jpg,3
/data_C2_2/3/C2_2-185501.jpg,3
/data_C2_2/3/C2_2-191301.jpg,3
/data_C2_2/3/C2_2-190101.jpg,3
/data_C2_2/3/C2_2-104901.jpg,3
/data_C2_2/3/C2_2-183702.jpg,3
/data_C2_2/3/C2_2-180002.jpg,3
/data_C2_2/3/C2_2-181901.jpg,3
/data_C2_2/3/C2_2-180001.jpg,3
/data_C2_2/3/C2_2-161301.jpg,3
/data_C2_2/3/C2_2-091701.jpg,3
/data_C2_2/3/C2_2-184701.jpg,3
/data_C2_2/3/C2_2-102602.jpg,3
/data_C2_2/3/C2_2-095101.jpg,3
/data_C2_2/3/C2_2-104602.jpg,3
/data_C2_2/3/C2_2-100301.jpg,3
/data_C2_2/3/C2_2-150700.jpg,3
/data_C2_2/3/C2_2-174401.jpg,3
/data_C2_2/3/C2_2-175501.jpg,3
/data_C2_2/3/C2_2-105301.jpg,3
/data_C2_2/3/C2_2-180101.jpg,3
/data_C2_2/3/C2_2-184001.jpg,3
/data_C2_2/3/C2_2-175603.jpg,3
/data_C2_2/3/C2_2-095001.jpg,3
/data_C2_2/3/C2_2-175202.jpg,3
/data_C2_2/3/C2_2-192401.jpg,3
/data_C2_2/3/C2_2-182902.jpg,3
/data_C2_2/3/C2_2-174501.jpg,3
/data_C2_2/3/C2_2-102301.jpg,3
/data_C2_2/3/C2_2-103602.jpg,3
/data_C2_2/3/C2_2-190701.jpg,3
/data_C2_2/3/C2_2-100800.jpg,3
/data_C2_2/3/C2_2-104501.jpg,3
/data_C2_2/3/C2_2-175502.jpg,3
/data_C2_2/3/C2_2-192901.jpg,3
/data_C2_2/3/C2_2-182103.jpg,3
/data_C2_2/3/C2_2-185502.jpg,3
/data_C2_2/3/C2_2-182102.jpg,3
/data_C2_2/3/C2_2-182802.jpg,3
/data_C2_2/3/C2_2-184602.jpg,3
/data_C2_2/3/C2_2-105002.jpg,3
/data_C2_2/3/C2_2-105401.jpg,3
/data_C2_2/3/C2_2-095402.jpg,3
/data_C2_2/3/C2_2-192302.jpg,3
/data_C2_2/3/C2_2-191401.jpg,3
/data_C2_2/3/C2_2-173901.jpg,3
/data_C2_2/3/C2_2-100701.jpg,3
/data_C2_2/3/C2_2-180102.jpg,3
/data_C2_2/3/C2_2-161701.jpg,3
/data_C2_2/3/C2_2-094301.jpg,3
/data_C2_2/3/C2_2-182302.jpg,3
/data_C2_2/3/C2_2-104701.jpg,3
/data_C2_2/3/C2_2-095201.jpg,3
/data_C2_2/3/C2_2-185202.jpg,3
/data_C2_2/3/C2_2-192201.jpg,3
/data_C2_2/3/C2_2-175701.jpg,3
/data_C2_2/3/C2_2-192802.jpg,3
/data_C2_2/3/C2_2-180501.jpg,3
/data_C2_2/3/C2_2-182301.jpg,3
/data_C2_2/3/C2_2-105202.jpg,3
/data_C2_2/3/C2_2-180503.jpg,3
/data_C2_2/3/C2_2-160601.jpg,3
/data_C2_2/3/C2_2-095502.jpg,3
/data_C2_2/3/C2_2-102802.jpg,3
/data_C2_2/3/C2_2-190200.jpg,3
/data_C2_2/3/C2_2-185402.jpg,3
/data_C2_2/3/C2_2-103002.jpg,3
/data_C2_2/3/C2_2-185302.jpg,3
/data_C2_2/3/C2_2-185001.jpg,3
/data_C2_2/3/C2_2-191902.jpg,3
/data_C2_2/3/C2_2-102401.jpg,3
/data_C2_2/3/C2_2-174801.jpg,3
/data_C2_2/3/C2_2-182501.jpg,3
/data_C2_2/3/C2_2-181401.jpg,3
/data_C2_2/3/C2_2-182001.jpg,3
/data_C2_2/3/C2_2-103201.jpg,3
/data_C2_2/3/C2_2-175802.jpg,3
/data_C2_2/3/C2_2-185201.jpg,3
/data_C2_2/3/C2_2-190602.jpg,3
/data_C2_2/3/C2_2-184002.jpg,3
/data_C2_2/3/C2_2-183102.jpg,3
/data_C2_2/3/C2_2-100201.jpg,3
/data_C2_2/3/C2_2-184501.jpg,3
/data_C2_2/3/C2_2-174901.jpg,3
/data_C2_2/3/C2_2-190902.jpg,3
/data_C2_2/3/C2_2-090000.jpg,3
/data_C2_2/3/C2_2-160401.jpg,3
/data_C2_2/3/C2_2-095301.jpg,3
/data_C2_2/3/C2_2-095802.jpg,3
/data_C2_2/3/C2_2-191801.jpg,3
/data_C2_2/3/C2_2-094801.jpg,3
/data_C2_2/3/C2_2-160902.jpg,3
/data_C2_2/3/C2_2-183602.jpg,3
/data_C2_2/3/C2_2-185901.jpg,3
/data_C2_2/3/C2_2-185401.jpg,3
/data_C2_2/3/C2_2-191802.jpg,3
/data_C2_2/3/C2_2-103701.jpg,3
/data_C2_2/3/C2_2-190901.jpg,3
/data_C2_2/3/C2_2-175902.jpg,3
/data_C2_2/3/C2_2-102501.jpg,3
/data_C2_2/3/C2_2-103101.jpg,3
/data_C2_2/3/C2_2-185701.jpg,3
/data_C2_2/3/C2_2-181301.jpg,3
/data_C2_2/3/C2_2-183802.jpg,3
/data_C2_2/3/C2_2-160501.jpg,3
/data_C2_2/3/C2_2-191601.jpg,3
/data_C2_2/3/C2_2-183401.jpg,3
/data_C2_2/3/C2_2-182602.jpg,3
/data_C2_2/3/C2_2-184403.jpg,3
/data_C2_2/3/C2_2-161401.jpg,3
/data_C2_2/3/C2_2-175703.jpg,3
/data_C2_2/3/C2_2-184401.jpg,3
/data_C2_2/3/C2_2-095901.jpg,3
/data_C2_2/3/C2_2-093802.jpg,3
/data_C2_2/3/C2_2-190102.jpg,3
/data_C2_2/3/C2_2-103401.jpg,3
/data_C2_2/3/C2_2-180302.jpg,3
/data_C2_2/3/C2_2-094601.jpg,3
/data_C2_2/3/C2_2-192701.jpg,3
/data_C2_2/3/C2_2-101602.jpg,3
/data_C2_2/3/C2_2-094101.jpg,3
/data_C2_2/3/C2_2-182201.jpg,3
/data_C2_2/3/C2_2-192501.jpg,3
/data_C2_2/3/C2_2-105102.jpg,3
/data_C2_2/3/C2_2-103801.jpg,3
/data_C2_2/3/C2_2-101901.jpg,3
/data_C2_2/3/C2_2-100200.jpg,3
/data_C2_2/3/C2_2-161501.jpg,3
/data_C2_2/3/C2_2-191703.jpg,3
/data_C2_2/3/C2_2-190202.jpg,3
/data_C2_2/3/C2_2-180802.jpg,3
/data_C2_2/3/C2_2-095602.jpg,3
/data_C2_2/3/C2_2-101802.jpg,3
/data_C2_2/3/C2_2-183501.jpg,3
/data_C2_2/3/C2_2-100002.jpg,3
/data_C2_2/3/C2_2-175801.jpg,3
/data_C2_2/3/C2_2-190702.jpg,3
/data_C2_2/3/C2_2-181002.jpg,3
/data_C2_2/3/C2_2-100101.jpg,3
/data_C2_2/3/C2_2-141501.jpg,3
/data_C2_2/3/C2_2-185801.jpg,3
/data_C2_2/3/C2_2-184502.jpg,3
/data_C2_2/3/C2_2-183202.jpg,3
/data_C2_2/3/C2_2-180701.jpg,3
/data_C2_2/3/C2_2-185902.jpg,3
/data_C2_2/3/C2_2-102102.jpg,3
/data_C2_2/3/C2_2-190002.jpg,3
/data_C2_2/3/C2_2-184202.jpg,3
/data_C2_2/3/C2_2-181602.jpg,3
/data_C2_2/3/C2_2-190601.jpg,3
/data_C2_2/3/C2_2-183402.jpg,3
/data_C2_2/3/C2_2-184601.jpg,3
/data_C2_2/3/C2_2-175001.jpg,3
/data_C2_2/3/C2_2-094701.jpg,3
/data_C2_2/3/C2_2-182402.jpg,3
/data_C2_2/3/C2_2-192301.jpg,3
/data_C2_2/3/C2_2-184702.jpg,3
/data_C2_2/3/C2_2-100500.jpg,3
/data_C2_2/3/C2_2-192101.jpg,3
/data_C2_2/3/C2_2-183902.jpg,3
/data_C2_2/3/C2_2-174701.jpg,3
/data_C2_2/3/C2_2-191501.jpg,3
/data_C2_2/3/C2_2-161102.jpg,3
/data_C2_2/3/C2_2-163300.jpg,3
/data_C2_2/3/C2_2-100901.jpg,3
/data_C2_2/3/C2_2-101401.jpg,3
/data_C2_2/3/C2_2-153300.jpg,3
/data_C2_2/3/C2_2-180902.jpg,3
/data_C2_2/3/C2_2-102202.jpg,3
/data_C2_2/3/C2_2-181201.jpg,3
/data_C2_2/3/C2_2-104301.jpg,3
/data_C2_2/3/C2_2-190802.jpg,3
/data_C2_2/3/C2_2-192902.jpg,3
/data_C2_2/3/C2_2-191702.jpg,3
/data_C2_2/3/C2_2-100601.jpg,3
/data_C2_2/3/C2_2-191701.jpg,3
/data_C2_2/3/C2_2-102901.jpg,3
/data_C2_2/3/C2_2-183701.jpg,3
/data_C2_2/3/C2_2-160301.jpg,3
/data_C2_2/3/C2_2-161400.jpg,3
/data_C2_2/3/C2_2-161600.jpg,3
/data_C2_2/3/C2_2-182403.jpg,3
/data_C2_2/3/C2_2-185102.jpg,3
/data_C2_2/3/C2_2-191102.jpg,3
/data_C2_2/3/C2_2-192001.jpg,3
/data_C2_2/3/C2_2-182702.jpg,3
/data_C2_2/3/C2_2-094401.jpg,3
/data_C2_2/3/C2_2-181202.jpg,3
/data_C2_2/3/C2_2-091001.jpg,3
/data_C2_2/3/C2_2-191202.jpg,3
/data_C2_2/3/C2_2-185602.jpg,3
/data_C2_2/3/C2_2-185802.jpg,3
/data_C2_2/3/C2_2-193002.jpg,3
/data_C2_2/3/C2_2-183801.jpg,3
/data_C2_2/3/C2_2-184901.jpg,3
/data_C2_2/3/C2_2-181303.jpg,3
/data_C2_2/3/C2_2-181902.jpg,3
/data_C2_2/3/C2_2-174301.jpg,3
/data_C2_2/3/C2_2-192502.jpg,3
/data_C2_2/3/C2_2-184802.jpg,3
/data_C2_2/3/C2_2-191002.jpg,3
/data_C2_2/3/C2_2-093901.jpg,3
/data_C2_2/3/C2_2-180403.jpg,3
/data_C2_2/3/C2_2-180601.jpg,3
/data_C2_2/3/C2_2-192801.jpg,3
/data_C2_2/3/C2_2-102701.jpg,3
/data_C2_2/3/C2_2-175901.jpg,3
/data_C2_2/3/C2_2-191901.jpg,3
/data_C2_2/3/C2_2-100801.jpg,3
/data_C2_2/3/C2_2-163200.jpg,3
/data_C2_2/3/C2_2-181402.jpg,3
/data_C2_2/3/C2_2-191201.jpg,3
/data_C2_2/3/C2_2-175302.jpg,3
/data_C2_2/3/C2_2-182002.jpg,3
/data_C2_2/3/C2_2-175602.jpg,3
/data_C2_2/3/C2_2-161201.jpg,3
/data_C2_2/3/C2_2-185603.jpg,3
/data_C2_2/3/C2_2-183502.jpg,3
/data_C2_2/3/C2_2-190401.jpg,3
/data_C2_2/3/C2_2-185702.jpg,3
/data_C2_2/3/C2_2-191101.jpg,3
/data_C2_2/3/C2_2-094202.jpg,3
/data_C2_2/3/C2_2-102001.jpg,3
/data_C2_2/3/C2_2-184902.jpg,3
/data_C2_2/3/C2_2-181801.jpg,3
/data_C2_2/3/C2_2-104201.jpg,3
/data_C2_2/3/C2_2-174902.jpg,3
/data_C2_2/3/C2_2-180602.jpg,3
/data_C2_2/3/C2_2-190402.jpg,3
/data_C2_2/3/C2_2-181502.jpg,3
/data_C2_2/3/C2_2-100401.jpg,3
/data_C2_2/3/C2_2-093701.jpg,3
/data_C2_2/3/C2_2-184801.jpg,3
/data_C2_2/3/C2_2-180702.jpg,3
/data_C2_2/3/C2_2-180402.jpg,3
/data_C2_2/3/C2_2-104001.jpg,3
/data_C2_2/3/C2_2-185002.jpg,3
/data_C2_2/3/C2_2-190301.jpg,3
/data_C2_2/3/C2_2-182101.jpg,3
/data_C2_2/3/C2_2-103502.jpg,3
/data_C2_2/3/C2_2-184101.jpg,3
/data_C2_2/3/C2_2-101502.jpg,3
/data_C2_2/3/C2_2-180301.jpg,3
/data_C2_2/3/C2_2-190001.jpg,3
/data_C2_2/3/C2_2-175201.jpg,3
/data_C2_2/3/C2_2-175101.jpg,3
/data_C2_2/3/C2_2-181501.jpg,3
/data_C2_2/3/C2_2-191001.jpg,3
/data_C2_2/3/C2_2-101101.jpg,3
/data_C2_2/3/C2_2-192102.jpg,3
/data_C2_2/3/C2_2-190801.jpg,3
/data_C2_2/3/C2_2-185601.jpg,3
/data_C2_2/3/C2_2-100501.jpg,3
/data_C2_2/3/C2_2-181601.jpg,3
/data_C2_2/3/C2_2-104101.jpg,3
/data_C2_2/3/C2_2-101701.jpg,3
/data_C2_2/3/C2_2-162801.jpg,3
/data_C2_2/3/C2_2-192601.jpg,3
/data_C2_2/3/C2_2-094502.jpg,3
/data_C2_2/3/C2_2-184201.jpg,3
/data_C2_2/3/C2_2-095702.jpg,3
/data_C2_2/3/C2_2-161101.jpg,3
/data_C2_2/3/C2_2-180202.jpg,3
/data_C2_2/3/C2_2-181802.jpg,3
/data_C2_2/3/C2_2-093501.jpg,3
/data_C2_2/3/C2_2-192002.jpg,3
/data_C2_2/3/C2_2-175102.jpg,3
/data_C2_2/3/C2_2-190302.jpg,3
/data_C2_2/3/C2_2-191402.jpg,3
/data_C2_2/3/C2_2-181702.jpg,3
/data_C2_2/3/C2_2-104401.jpg,3
/data_C2_2/3/C2_2-182601.jpg,3
/data_C2_2/3/C2_2-184302.jpg,3
